Date,1 Mo,2 Mo,3 Mo,4 Mo,6 Mo,1 Yr,2 Yr,3 Yr,5 Yr,7 Yr,10 Yr,20 Yr,30 Yr
1995-01-03,,,5.95,,6.66,7.23,7.73,7.84,7.88,7.91,7.88,8.07,7.93
1995-01-04,,,5.85,,6.57,7.15,7.62,7.75,7.81,7.82,7.82,7.98,7.85
1995-01-05,,,5.88,,6.61,7.32,7.66,7.83,7.87,7.89,7.88,8.03,7.91
1995-01-06,,,5.9,,6.61,7.26,7.64,7.81,7.87,7.89,7.87,8.0,7.87
1995-01-09,,,6.0,,6.67,7.27,7.68,7.84,7.9,7.92,7.89,8.03,7.9
1995-01-10,,,5.91,,6.62,7.21,7.63,7.78,7.85,7.87,7.84,8.0,7.87
1995-01-11,,,5.79,,6.51,7.13,7.58,7.73,7.8,7.82,7.79,7.98,7.85
1995-01-12,,,5.78,,6.48,7.08,7.56,7.73,7.8,7.84,7.8,8.02,7.88
1995-01-13,,,5.72,,6.38,6.89,7.39,7.55,7.64,7.71,7.69,7.93,7.8
1995-01-17,,,5.89,,6.44,6.99,7.44,7.6,7.68,7.72,7.7,7.92,7.78
1995-01-18,,,5.87,,6.46,7.03,7.48,7.64,7.71,7.72,7.71,7.91,7.78
1995-01-19,,,5.87,,6.47,7.03,7.49,7.65,7.74,7.76,7.74,7.95,7.82
1995-01-20,,,5.91,,6.5,7.04,7.5,7.7,7.8,7.84,7.82,8.02,7.9
1995-01-23,,,5.97,,6.51,7.02,7.5,7.69,7.8,7.86,7.83,8.02,7.91
1995-01-24,,,5.98,,6.53,7.04,7.57,7.71,7.82,7.87,7.86,8.05,7.93
1995-01-25,,,5.94,,6.46,6.96,7.5,7.61,7.76,7.81,7.8,7.99,7.88
1995-01-26,,,5.94,,6.44,6.9,7.39,7.54,7.7,7.75,7.76,7.95,7.85
1995-01-27,,,5.92,,6.41,6.82,7.29,7.46,7.6,7.63,7.66,7.83,7.75
1995-01-30,,,5.96,,6.39,6.8,7.23,7.4,7.55,7.62,7.65,7.86,7.76
1995-01-31,,,6.0,,6.4,6.84,7.26,7.39,7.54,7.58,7.6,7.81,7.71
1995-02-01,,,6.07,,6.49,6.97,7.33,7.44,7.56,7.65,7.66,7.85,7.75
1995-02-02,,,6.02,,6.47,7.01,7.4,7.53,7.63,7.67,7.68,7.85,7.76
1995-02-03,,,5.96,,6.34,6.77,7.14,7.3,7.4,7.44,7.49,7.7,7.61
1995-02-06,,,5.98,,6.36,6.79,7.18,7.35,7.43,7.49,7.53,7.72,7.64
1995-02-07,,,5.98,,6.36,6.78,7.19,7.36,7.44,7.49,7.52,7.73,7.65
1995-02-08,,,5.94,,6.33,6.74,7.18,7.34,7.43,7.5,7.53,7.74,7.66
1995-02-09,,,5.95,,6.36,6.79,7.23,7.43,7.5,7.54,7.58,7.78,7.65
1995-02-10,,,5.97,,6.4,6.85,7.33,7.47,7.55,7.61,7.62,7.81,7.68
1995-02-13,,,5.98,,6.4,6.85,7.32,7.45,7.54,7.6,7.61,7.8,7.67
1995-02-14,,,5.96,,6.36,6.77,7.21,7.34,7.45,7.5,7.51,7.75,7.61
1995-02-15,,,5.94,,6.31,6.68,7.12,7.24,7.37,7.43,7.45,7.7,7.58
1995-02-16,,,5.85,,6.25,6.58,7.02,7.16,7.29,7.39,7.4,7.7,7.57
1995-02-17,,,5.86,,6.26,6.62,7.07,7.2,7.33,7.41,7.43,7.71,7.59
1995-02-21,,,5.92,,6.29,6.66,7.09,7.22,7.35,7.42,7.44,7.74,7.61
1995-02-22,,,5.85,,6.17,6.49,6.92,7.04,7.2,7.29,7.34,7.67,7.54
1995-02-23,,,5.88,,6.18,6.52,6.92,7.03,7.2,7.3,7.34,7.68,7.56
1995-02-24,,,5.88,,6.18,6.5,6.89,7.0,7.16,7.3,7.33,7.66,7.54
1995-02-27,,,5.92,,6.16,6.43,6.79,6.9,7.06,7.19,7.24,7.61,7.49
1995-02-28,,,5.94,,6.19,6.44,6.79,6.9,7.06,7.15,7.22,7.58,7.46
1995-03-01,,,5.94,,6.21,6.44,6.81,6.92,7.06,7.17,7.23,7.57,7.45
1995-03-02,,,5.93,,6.21,6.53,6.88,7.0,7.15,7.23,7.3,7.62,7.5
1995-03-03,,,5.91,,6.23,6.53,6.89,7.03,7.19,7.29,7.36,7.68,7.56
1995-03-06,,,5.94,,6.28,6.59,6.96,7.1,7.24,7.36,7.41,7.73,7.59
1995-03-07,,,5.96,,6.3,6.6,7.0,7.12,7.28,7.37,7.44,7.78,7.64
1995-03-08,,,5.95,,6.26,6.56,6.93,7.05,7.2,7.29,7.36,7.69,7.56
1995-03-09,,,5.91,,6.21,6.47,6.83,6.97,7.11,7.22,7.3,7.65,7.53
1995-03-10,,,5.96,,6.22,6.49,6.83,6.94,7.07,7.15,7.23,7.57,7.46
1995-03-13,,,5.94,,6.2,6.44,6.76,6.88,7.01,7.1,7.19,7.56,7.45
1995-03-14,,,5.93,,6.18,6.39,6.69,6.8,6.93,7.0,7.09,7.45,7.35
1995-03-15,,,5.92,,6.18,6.41,6.71,6.8,6.93,7.01,7.09,7.47,7.36
1995-03-16,,,5.92,,6.16,6.35,6.68,6.76,6.89,6.98,7.05,7.45,7.33
1995-03-17,,,5.92,,6.16,6.37,6.69,6.81,6.97,7.06,7.12,7.48,7.37
1995-03-20,,,5.93,,6.18,6.37,6.69,6.81,6.98,7.07,7.12,7.52,7.4
1995-03-21,,,5.92,,6.17,6.38,6.71,6.84,7.01,7.1,7.16,7.57,7.43
1995-03-22,,,5.91,,6.15,6.4,6.75,6.87,7.05,7.16,7.21,7.58,7.46
1995-03-23,,,5.89,,6.14,6.38,6.75,6.87,7.06,7.15,7.21,7.6,7.47
1995-03-24,,,5.85,,6.11,6.31,6.64,6.75,6.93,7.04,7.09,7.5,7.38
1995-03-27,,,5.82,,6.04,6.27,6.62,6.72,6.9,7.0,7.05,7.44,7.33
1995-03-28,,,5.89,,6.11,6.38,6.73,6.85,7.02,7.1,7.16,7.52,7.41
1995-03-29,,,5.84,,6.04,6.35,6.73,6.83,6.98,7.12,7.16,7.5,7.4
1995-03-30,,,5.88,,6.1,6.43,6.76,6.88,7.05,7.14,7.18,7.54,7.43
1995-03-31,,,5.88,,6.13,6.49,6.8,6.92,7.08,7.17,7.2,7.54,7.44
1995-04-03,,,5.94,,6.18,6.45,6.75,6.86,7.0,7.08,7.14,7.49,7.39
1995-04-04,,,5.91,,6.15,6.4,6.71,6.82,6.96,7.02,7.12,7.48,7.38
1995-04-05,,,5.88,,6.13,6.38,6.7,6.81,6.97,7.05,7.12,7.48,7.38
1995-04-06,,,5.85,,6.09,6.33,6.66,6.77,6.92,7.01,7.09,7.47,7.36
1995-04-07,,,5.86,,6.1,6.33,6.65,6.76,6.93,7.03,7.11,7.5,7.39
1995-04-10,,,5.85,,6.08,6.33,6.66,6.77,6.94,7.03,7.12,7.49,7.39
1995-04-11,,,5.84,,6.07,6.31,6.65,6.76,6.92,7.0,7.09,7.47,7.37
1995-04-12,,,5.82,,6.04,6.28,6.61,6.72,6.89,6.98,7.06,7.46,7.36
1995-04-13,,,5.75,,5.99,6.19,6.51,6.64,6.82,6.91,7.03,7.42,7.34
1995-04-17,,,5.8,,6.0,6.19,6.48,6.6,6.8,6.91,7.04,7.48,7.39
1995-04-18,,,5.79,,5.95,6.17,6.44,6.56,6.77,6.9,7.04,7.49,7.4
1995-04-19,,,5.8,,5.98,6.2,6.51,6.62,6.82,6.93,7.06,7.46,7.37
1995-04-20,,,5.77,,5.97,6.15,6.43,6.56,6.76,6.87,7.02,7.43,7.35
1995-04-21,,,5.79,,5.98,6.15,6.44,6.55,6.77,6.87,7.01,7.42,7.34
1995-04-24,,,5.83,,6.0,6.17,6.46,6.58,6.77,6.86,7.01,7.39,7.32
1995-04-25,,,5.85,,6.01,6.19,6.48,6.61,6.79,6.87,7.01,7.41,7.33
1995-04-26,,,5.85,,6.02,6.21,6.5,6.62,6.79,6.88,7.01,7.4,7.32
1995-04-27,,,5.87,,6.06,6.3,6.55,6.67,6.84,6.92,7.04,7.42,7.33
1995-04-28,,,5.87,,6.08,6.32,6.6,6.72,6.88,6.95,7.07,7.42,7.34
1995-05-01,,,5.91,,6.11,6.32,6.62,6.75,6.9,6.96,7.09,7.43,7.35
1995-05-02,,,5.89,,6.05,6.26,6.55,6.67,6.83,6.92,7.04,7.41,7.33
1995-05-03,,,5.84,,5.97,6.16,6.47,6.56,6.73,6.82,6.96,7.32,7.25
1995-05-04,,,5.78,,5.9,6.1,6.35,6.46,6.63,6.72,6.85,7.22,7.15
1995-05-05,,,5.74,,5.85,5.96,6.16,6.27,6.42,6.55,6.69,7.07,7.02
1995-05-08,,,5.81,,5.91,6.01,6.18,6.3,6.44,6.55,6.7,7.08,7.02
1995-05-09,,,5.81,,5.9,5.96,6.08,6.19,6.33,6.44,6.61,6.99,6.94
1995-05-10,,,5.82,,5.9,5.96,6.11,6.23,6.39,6.5,6.66,7.04,6.97
1995-05-11,,,5.84,,5.95,6.02,6.2,6.3,6.45,6.54,6.68,7.05,6.99
1995-05-12,,,5.87,,5.96,6.03,6.2,6.31,6.46,6.55,6.67,7.05,7.0
1995-05-15,,,5.88,,5.95,5.99,6.16,6.26,6.41,6.49,6.62,7.0,6.95
1995-05-16,,,5.87,,5.91,5.96,6.11,6.22,6.36,6.43,6.57,6.92,6.87
1995-05-17,,,5.86,,5.91,5.95,6.11,6.21,6.35,6.4,6.53,6.91,6.86
1995-05-18,,,5.87,,5.95,6.01,6.18,6.28,6.44,6.5,6.61,6.96,6.91
1995-05-19,,,5.87,,5.95,6.01,6.19,6.28,6.43,6.5,6.61,6.96,6.91
1995-05-22,,,5.91,,5.99,6.03,6.19,6.3,6.46,6.51,6.63,6.98,6.92
1995-05-23,,,5.91,,5.96,5.97,6.15,6.22,6.37,6.46,6.57,6.93,6.87
1995-05-24,,,5.87,,5.89,5.86,6.01,6.08,6.2,6.32,6.44,6.81,6.77
1995-05-25,,,5.84,,5.89,5.89,5.99,6.06,6.18,6.27,6.39,6.78,6.73
1995-05-26,,,5.84,,5.89,5.87,5.97,6.05,6.18,6.28,6.4,6.8,6.75
1995-05-30,,,5.81,,5.85,5.83,5.89,5.96,6.08,6.18,6.3,6.72,6.67
1995-05-31,,,5.81,,5.83,5.8,5.89,5.95,6.08,6.18,6.3,6.72,6.67
1995-06-01,,,5.67,,5.71,5.68,5.71,5.78,5.94,6.04,6.2,6.64,6.61
1995-06-02,,,5.58,,5.55,5.51,5.54,5.64,5.8,5.92,6.1,6.55,6.52
1995-06-05,,,5.68,,5.61,5.52,5.54,5.63,5.79,5.92,6.08,6.54,6.51
1995-06-06,,,5.69,,5.63,5.56,5.57,5.67,5.83,5.94,6.08,6.54,6.51
1995-06-07,,,5.74,,5.75,5.71,5.74,5.84,5.95,6.06,6.2,6.56,6.53
1995-06-08,,,5.76,,5.79,5.78,5.82,5.91,6.02,6.12,6.22,6.59,6.57
1995-06-09,,,5.77,,5.86,5.89,6.01,6.08,6.21,6.31,6.4,6.76,6.72
1995-06-12,,,5.73,,5.81,5.83,5.96,6.04,6.16,6.27,6.37,6.76,6.71
1995-06-13,,,5.61,,5.63,5.57,5.63,5.73,5.88,6.01,6.14,6.58,6.56
1995-06-14,,,5.61,,5.64,5.6,5.67,5.74,5.88,6.01,6.15,6.59,6.57
1995-06-15,,,5.65,,5.71,5.65,5.73,5.81,5.93,6.07,6.18,6.64,6.61
1995-06-16,,,5.66,,5.7,5.66,5.77,5.83,5.96,6.09,6.21,6.64,6.62
1995-06-19,,,5.63,,5.64,5.59,5.65,5.74,5.87,6.01,6.13,6.59,6.56
1995-06-20,,,5.65,,5.68,5.64,5.72,5.8,5.92,6.05,6.16,6.58,6.57
1995-06-21,,,5.6,,5.65,5.62,5.68,5.76,5.89,6.02,6.13,6.56,6.55
1995-06-22,,,5.54,,5.6,5.53,5.61,5.67,5.8,5.92,6.04,6.47,6.48
1995-06-23,,,5.54,,5.61,5.56,5.64,5.69,5.83,5.94,6.06,6.51,6.51
1995-06-26,,,5.52,,5.57,5.6,5.71,5.76,5.9,6.01,6.11,6.55,6.54
1995-06-27,,,5.59,,5.61,5.64,5.7,5.8,5.94,6.04,6.15,6.57,6.56
1995-06-28,,,5.57,,5.57,5.58,5.67,5.76,5.88,5.99,6.1,6.53,6.52
1995-06-29,,,5.67,,5.65,5.76,5.89,5.95,6.07,6.18,6.28,6.69,6.65
1995-06-30,,,5.6,,5.59,5.65,5.79,5.88,5.98,6.12,6.21,6.64,6.63
1995-07-03,,,5.68,,5.7,5.63,5.79,5.87,5.97,6.16,6.21,6.68,6.63
1995-07-05,,,5.68,,5.69,5.62,5.78,5.84,5.95,6.12,6.19,6.64,6.61
1995-07-06,,,5.53,,5.5,5.43,5.56,5.64,5.75,5.97,6.05,6.53,6.51
1995-07-07,,,5.54,,5.5,5.42,5.54,5.61,5.74,5.94,6.04,6.52,6.52
1995-07-10,,,5.53,,5.53,5.43,5.56,5.63,5.74,5.93,6.04,6.51,6.51
1995-07-11,,,5.56,,5.57,5.47,5.59,5.69,5.8,5.99,6.09,6.57,6.57
1995-07-12,,,5.55,,5.55,5.44,5.59,5.7,5.8,6.0,6.1,6.55,6.55
1995-07-13,,,5.55,,5.55,5.46,5.61,5.7,5.8,6.0,6.09,6.56,6.55
1995-07-14,,,5.59,,5.61,5.53,5.7,5.78,5.89,6.07,6.15,6.61,6.6
1995-07-17,,,5.63,,5.63,5.55,5.77,5.86,5.97,6.15,6.22,6.69,6.67
1995-07-18,,,5.61,,5.63,5.57,5.77,5.88,6.01,6.21,6.25,6.74,6.73
1995-07-19,,,5.58,,5.65,5.6,5.89,5.99,6.15,6.37,6.43,6.9,6.89
1995-07-20,,,5.6,,5.68,5.71,5.91,6.02,6.15,6.37,6.43,6.89,6.87
1995-07-21,,,5.61,,5.7,5.75,5.95,6.11,6.26,6.4,6.53,6.98,6.96
1995-07-24,,,5.61,,5.68,5.75,5.97,6.08,6.2,6.4,6.46,6.91,6.9
1995-07-25,,,5.62,,5.68,5.75,5.94,6.07,6.19,6.37,6.43,6.86,6.84
1995-07-26,,,5.63,,5.68,5.75,5.97,6.1,6.24,6.42,6.48,6.92,6.9
1995-07-27,,,5.58,,5.6,5.66,5.91,6.03,6.18,6.36,6.43,6.86,6.84
1995-07-28,,,5.58,,5.61,5.69,5.92,6.09,6.22,6.4,6.49,6.93,6.91
1995-07-31,,,5.6,,5.63,5.67,5.88,6.02,6.16,6.35,6.45,6.88,6.86
1995-08-01,,,5.61,,5.67,5.71,5.94,6.08,6.22,6.4,6.5,6.95,6.92
1995-08-02,,,5.59,,5.63,5.66,5.86,6.03,6.15,6.34,6.44,6.88,6.86
1995-08-03,,,5.59,,5.67,5.7,5.94,6.09,6.24,6.42,6.53,6.95,6.93
1995-08-04,,,5.58,,5.64,5.68,5.91,6.06,6.2,6.39,6.5,6.92,6.9
1995-08-07,,,5.57,,5.63,5.67,5.9,6.03,6.18,6.37,6.48,6.91,6.89
1995-08-08,,,5.55,,5.63,5.68,5.9,6.01,6.17,6.36,6.47,6.9,6.89
1995-08-09,,,5.56,,5.63,5.69,5.93,6.05,6.21,6.4,6.47,6.93,6.93
1995-08-10,,,5.57,,5.65,5.7,5.95,6.07,6.25,6.43,6.51,6.97,6.9
1995-08-11,,,5.59,,5.71,5.8,6.05,6.19,6.37,6.54,6.59,7.06,6.98
1995-08-14,,,5.6,,5.69,5.81,6.05,6.19,6.36,6.54,6.59,7.06,6.96
1995-08-15,,,5.62,,5.72,5.86,6.11,6.21,6.37,6.52,6.57,7.0,6.92
1995-08-16,,,5.6,,5.7,5.84,6.07,6.18,6.32,6.49,6.54,6.97,6.89
1995-08-17,,,5.61,,5.73,5.89,6.12,6.24,6.37,6.52,6.57,6.99,6.9
1995-08-18,,,5.61,,5.72,5.88,6.13,6.24,6.36,6.51,6.57,7.0,6.91
1995-08-21,,,5.62,,5.7,5.84,6.08,6.18,6.31,6.47,6.54,6.95,6.87
1995-08-22,,,5.63,,5.7,5.88,6.1,6.21,6.35,6.51,6.57,6.98,6.89
1995-08-23,,,5.6,,5.69,5.87,6.11,6.24,6.37,6.53,6.6,7.01,6.92
1995-08-24,,,5.52,,5.6,5.77,6.0,6.12,6.26,6.42,6.5,6.92,6.84
1995-08-25,,,5.5,,5.6,5.7,5.9,6.01,6.13,6.3,6.38,6.8,6.72
1995-08-28,,,5.48,,5.56,5.66,5.85,5.97,6.1,6.26,6.34,6.77,6.7
1995-08-29,,,5.5,,5.61,5.71,5.93,6.03,6.15,6.29,6.36,6.79,6.72
1995-08-30,,,5.46,,5.55,5.66,5.88,5.98,6.1,6.25,6.33,6.77,6.7
1995-08-31,,,5.45,,5.53,5.65,5.85,5.95,6.07,6.21,6.28,6.72,6.65
1995-09-01,,,5.45,,5.52,5.6,5.78,5.89,6.0,6.14,6.22,6.67,6.61
1995-09-05,,,5.49,,5.55,5.6,5.77,5.85,5.96,6.09,6.18,6.63,6.57
1995-09-06,,,5.48,,5.55,5.6,5.76,5.84,5.95,6.1,6.17,6.63,6.57
1995-09-07,,,5.5,,5.57,5.65,5.8,5.89,6.0,6.14,6.21,6.66,6.6
1995-09-08,,,5.52,,5.58,5.67,5.85,5.95,6.04,6.17,6.24,6.66,6.6
1995-09-11,,,5.5,,5.58,5.67,5.83,5.93,6.05,6.15,6.24,6.67,6.6
1995-09-12,,,5.47,,5.54,5.61,5.77,5.84,5.96,6.09,6.16,6.6,6.51
1995-09-13,,,5.47,,5.54,5.63,5.8,5.88,5.99,6.12,6.18,6.63,6.52
1995-09-14,,,5.44,,5.48,5.51,5.68,5.76,5.87,6.01,6.08,6.56,6.45
1995-09-15,,,5.46,,5.51,5.55,5.71,5.8,5.91,6.05,6.11,6.58,6.47
1995-09-18,,,5.41,,5.47,5.56,5.77,5.86,5.97,6.11,6.17,6.64,6.53
1995-09-19,,,5.36,,5.45,5.54,5.75,5.83,5.94,6.08,6.14,6.61,6.49
1995-09-20,,,5.34,,5.43,5.52,5.73,5.81,5.92,6.05,6.1,6.57,6.46
1995-09-21,,,5.4,,5.53,5.62,5.83,5.91,6.03,6.15,6.21,6.66,6.56
1995-09-22,,,5.35,,5.52,5.63,5.85,5.93,6.06,6.19,6.25,6.7,6.59
1995-09-25,,,5.33,,5.51,5.65,5.89,5.95,6.08,6.2,6.26,6.7,6.58
1995-09-26,,,5.45,,5.63,5.71,5.88,5.98,6.11,6.21,6.28,6.71,6.58
1995-09-27,,,5.42,,5.6,5.7,5.92,6.01,6.08,6.25,6.3,6.76,6.61
1995-09-28,,,5.44,,5.61,5.73,5.92,6.0,6.1,6.22,6.28,6.71,6.59
1995-09-29,,,5.4,,5.57,5.65,5.83,5.91,6.01,6.11,6.17,6.6,6.49
1995-10-02,,,5.53,,5.64,5.65,5.82,5.89,5.98,6.1,6.15,6.61,6.48
1995-10-03,,,5.51,,5.61,5.63,5.8,5.87,5.96,6.07,6.13,6.57,6.46
1995-10-04,,,5.47,,5.57,5.6,5.75,5.82,5.91,6.04,6.12,6.54,6.44
1995-10-05,,,5.44,,5.57,5.59,5.72,5.8,5.88,6.0,6.06,6.53,6.43
1995-10-06,,,5.47,,5.59,5.59,5.73,5.81,5.89,6.0,6.06,6.51,6.43
1995-10-10,,,5.47,,5.57,5.61,5.74,5.81,5.91,6.0,6.07,6.51,6.43
1995-10-11,,,5.47,,5.57,5.61,5.75,5.82,5.91,6.02,6.09,6.5,6.44
1995-10-12,,,5.46,,5.57,5.61,5.72,5.8,5.88,5.99,6.07,6.48,6.41
1995-10-13,,,5.45,,5.56,5.58,5.67,5.72,5.8,5.88,5.97,6.37,6.3
1995-10-16,,,5.49,,5.58,5.59,5.67,5.73,5.8,5.89,5.97,6.38,6.32
1995-10-17,,,5.43,,5.55,5.57,5.65,5.71,5.8,5.89,5.97,6.36,6.3
1995-10-18,,,5.41,,5.55,5.58,5.67,5.74,5.83,5.92,5.99,6.38,6.32
1995-10-19,,,5.41,,5.55,5.58,5.67,5.73,5.83,5.92,5.98,6.37,6.31
1995-10-20,,,5.43,,5.57,5.62,5.72,5.79,5.9,5.99,6.04,6.42,6.35
1995-10-23,,,5.38,,5.57,5.65,5.76,5.82,5.92,6.01,6.07,6.44,6.38
1995-10-24,,,5.38,,5.56,5.6,5.68,5.76,5.85,5.95,6.02,6.37,6.33
1995-10-25,,,5.39,,5.55,5.56,5.64,5.72,5.8,5.9,6.0,6.37,6.32
1995-10-26,,,5.38,,5.5,5.52,5.61,5.72,5.81,5.93,6.06,6.44,6.38
1995-10-27,,,5.41,,5.53,5.56,5.64,5.73,5.83,5.95,6.05,6.4,6.35
1995-10-30,,,5.47,,5.55,5.55,5.62,5.72,5.82,5.94,6.04,6.41,6.35
1995-10-31,,,5.48,,5.55,5.55,5.61,5.7,5.81,5.92,6.03,6.4,6.34
1995-11-01,,,5.48,,5.49,5.46,5.52,5.62,5.74,5.86,5.98,6.36,6.29
1995-11-02,,,5.47,,5.46,5.41,5.46,5.56,5.68,5.8,5.92,6.31,6.25
1995-11-03,,,5.47,,5.49,5.43,5.49,5.58,5.7,5.82,5.94,6.33,6.28
1995-11-06,,,5.52,,5.53,5.46,5.51,5.62,5.73,5.84,5.96,6.34,6.29
1995-11-07,,,5.53,,5.54,5.48,5.54,5.65,5.77,5.88,5.99,6.37,6.31
1995-11-08,,,5.52,,5.49,5.41,5.47,5.58,5.69,5.8,5.92,6.3,6.25
1995-11-09,,,5.55,,5.53,5.43,5.49,5.59,5.72,5.85,5.97,6.35,6.29
1995-11-10,,,5.58,,5.54,5.47,5.52,5.64,5.76,5.89,6.0,6.39,6.33
1995-11-13,,,5.59,,5.56,5.44,5.49,5.61,5.72,5.85,5.98,6.34,6.28
1995-11-14,,,5.55,,5.52,5.43,5.47,5.58,5.71,5.85,5.97,6.36,6.3
1995-11-15,,,5.56,,5.55,5.47,5.53,5.63,5.77,5.9,6.0,6.37,6.3
1995-11-16,,,5.52,,5.5,5.42,5.46,5.56,5.68,5.83,5.93,6.32,6.24
1995-11-17,,,5.51,,5.49,5.4,5.46,5.54,5.66,5.81,5.92,6.33,6.23
1995-11-20,,,5.5,,5.48,5.41,5.46,5.53,5.66,5.82,5.93,6.33,6.25
1995-11-21,,,5.52,,5.5,5.45,5.49,5.56,5.7,5.85,5.92,6.36,6.27
1995-11-22,,,5.52,,5.51,5.46,5.51,5.58,5.72,5.85,5.93,6.37,6.28
1995-11-24,,,5.48,,5.48,5.43,5.49,5.56,5.7,5.84,5.91,6.36,6.25
1995-11-27,,,5.5,,5.49,5.41,5.46,5.53,5.67,5.81,5.88,6.31,6.23
1995-11-28,,,5.53,,5.52,5.44,5.45,5.54,5.67,5.8,5.88,6.31,6.24
1995-11-29,,,5.5,,5.49,5.42,5.42,5.49,5.6,5.8,5.85,6.29,6.22
1995-11-30,,,5.48,,5.46,5.36,5.36,5.41,5.53,5.68,5.76,6.2,6.14
1995-12-01,,,5.45,,5.44,5.33,5.32,5.37,5.49,5.63,5.71,6.16,6.1
1995-12-04,,,5.46,,5.43,5.32,5.27,5.33,5.43,5.54,5.63,6.07,6.01
1995-12-05,,,5.47,,5.42,5.33,5.29,5.34,5.45,5.57,5.65,6.09,6.04
1995-12-06,,,5.48,,5.41,5.34,5.32,5.38,5.49,5.59,5.67,6.09,6.03
1995-12-07,,,5.5,,5.43,5.35,5.39,5.42,5.54,5.65,5.72,6.13,6.07
1995-12-08,,,5.5,,5.45,5.39,5.39,5.45,5.56,5.67,5.73,6.12,6.06
1995-12-11,,,5.45,,5.43,5.35,5.38,5.41,5.53,5.65,5.71,6.11,6.04
1995-12-12,,,5.41,,5.42,5.36,5.39,5.42,5.55,5.65,5.72,6.11,6.05
1995-12-13,,,5.42,,5.43,5.37,5.39,5.45,5.56,5.66,5.74,6.12,6.07
1995-12-14,,,5.42,,5.42,5.35,5.38,5.42,5.55,5.66,5.74,6.14,6.08
1995-12-15,,,5.35,,5.36,5.32,5.36,5.41,5.55,5.66,5.75,6.15,6.09
1995-12-18,,,5.32,,5.4,5.38,5.43,5.51,5.66,5.77,5.85,6.26,6.2
1995-12-19,,,5.24,,5.31,5.28,5.36,5.45,5.58,5.71,5.81,6.21,6.14
1995-12-20,,,5.15,,5.29,5.27,5.33,5.42,5.55,5.67,5.76,6.18,6.11
1995-12-21,,,5.05,,5.3,5.29,5.33,5.41,5.53,5.68,5.77,6.19,6.11
1995-12-22,,,5.04,,5.27,5.26,5.28,5.37,5.5,5.62,5.71,6.12,6.06
1995-12-26,,,5.05,,5.26,5.26,5.27,5.34,5.48,5.62,5.69,6.1,6.04
1995-12-27,,,5.04,,5.23,5.23,5.23,5.31,5.46,5.58,5.66,6.07,6.01
1995-12-28,,,4.98,,5.11,5.18,5.2,5.27,5.43,5.56,5.63,6.04,5.98
1995-12-29,,,5.1,,5.17,5.18,5.18,5.25,5.38,5.49,5.58,6.01,5.96
1996-01-02,,,5.2,,5.25,5.17,5.18,5.26,5.39,5.51,5.6,6.03,5.97
1996-01-03,,,5.2,,5.22,5.16,5.17,5.21,5.36,5.49,5.58,6.01,5.96
1996-01-04,,,5.19,,5.23,5.19,5.17,5.26,5.39,5.55,5.65,6.08,6.03
1996-01-05,,,5.19,,5.22,5.19,5.2,5.29,5.42,5.59,5.69,6.11,6.05
1996-01-08,,,5.18,,5.22,5.19,5.2,5.27,5.41,5.56,5.68,6.1,6.04
1996-01-09,,,5.18,,5.2,5.16,5.18,5.27,5.41,5.58,5.7,6.12,6.06
1996-01-10,,,5.19,,5.19,5.19,5.22,5.33,5.5,5.67,5.8,6.23,6.16
1996-01-11,,,5.19,,5.19,5.16,5.22,5.31,5.47,5.67,5.78,6.22,6.16
1996-01-12,,,5.18,,5.18,5.14,5.17,5.26,5.4,5.64,5.75,6.22,6.16
1996-01-16,,,5.14,,5.08,5.06,5.08,5.19,5.37,5.55,5.66,6.14,6.09
1996-01-17,,,5.14,,5.05,5.04,5.05,5.14,5.29,5.46,5.58,6.05,6.0
1996-01-18,,,5.11,,5.02,5.01,5.01,5.09,5.25,5.42,5.53,6.03,5.98
1996-01-19,,,5.1,,5.06,5.02,5.03,5.1,5.27,5.43,5.54,6.02,5.97
1996-01-22,,,5.14,,5.1,5.06,5.08,5.17,5.34,5.5,5.61,6.09,6.04
1996-01-23,,,5.12,,5.11,5.06,5.09,5.18,5.37,5.55,5.66,6.14,6.09
1996-01-24,,,5.12,,5.1,5.03,5.07,5.16,5.3,5.5,5.62,6.08,6.02
1996-01-25,,,5.12,,5.12,5.06,5.11,5.23,5.41,5.58,5.7,6.16,6.11
1996-01-26,,,5.11,,5.11,5.02,5.08,5.18,5.34,5.54,5.65,6.1,6.04
1996-01-29,,,5.17,,5.12,5.05,5.1,5.21,5.37,5.56,5.69,6.14,6.09
1996-01-30,,,5.14,,5.05,4.98,5.02,5.13,5.3,5.51,5.63,6.08,6.04
1996-01-31,,,5.05,,4.97,4.9,4.93,5.06,5.25,5.46,5.6,6.07,6.03
1996-02-01,,,5.03,,4.98,4.88,4.93,5.05,5.24,5.47,5.63,6.11,6.08
1996-02-02,,,4.99,,4.94,4.85,4.9,5.04,5.24,5.49,5.66,6.16,6.15
1996-02-05,,,5.0,,4.98,4.88,4.95,5.09,5.3,5.54,5.7,6.17,6.15
1996-02-06,,,4.98,,4.97,4.87,4.93,5.03,5.28,5.5,5.68,6.15,6.14
1996-02-07,,,4.94,,4.95,4.86,4.92,5.03,5.27,5.51,5.66,6.17,6.15
1996-02-08,,,4.92,,4.93,4.84,4.9,5.01,5.27,5.51,5.66,6.17,6.09
1996-02-09,,,4.93,,4.91,4.82,4.85,4.98,5.25,5.49,5.66,6.17,6.11
1996-02-12,,,4.93,,4.9,4.8,4.83,4.94,5.17,5.42,5.61,6.1,6.05
1996-02-13,,,4.93,,4.86,4.79,4.8,4.89,5.14,5.39,5.58,6.08,6.02
1996-02-14,,,4.94,,4.9,4.8,4.82,4.91,5.17,5.43,5.62,6.13,6.07
1996-02-15,,,4.92,,4.92,4.84,4.87,4.95,5.23,5.5,5.7,6.22,6.16
1996-02-16,,,4.89,,4.9,4.84,4.9,5.01,5.29,5.58,5.76,6.27,6.23
1996-02-20,,,4.99,,5.09,5.09,5.18,5.3,5.53,5.83,6.01,6.45,6.39
1996-02-21,,,4.96,,5.03,5.05,5.16,5.3,5.56,5.81,5.98,6.47,6.39
1996-02-22,,,4.95,,4.98,4.99,5.11,5.23,5.47,5.76,5.92,6.43,6.36
1996-02-23,,,4.97,,4.99,5.02,5.13,5.29,5.53,5.82,5.97,6.5,6.42
1996-02-26,,,4.98,,4.98,5.05,5.18,5.33,5.56,5.85,6.01,6.54,6.45
1996-02-27,,,5.01,,5.02,5.12,5.28,5.41,5.63,5.9,6.06,6.56,6.47
1996-02-28,,,5.01,,5.05,5.22,5.43,5.51,5.73,5.97,6.11,6.58,6.48
1996-02-29,,,5.02,,5.05,5.23,5.44,5.56,5.73,5.99,6.13,6.57,6.48
1996-03-01,,,4.98,,4.94,5.07,5.26,5.4,5.6,5.86,5.99,6.48,6.38
1996-03-04,,,5.02,,4.98,5.02,5.21,5.32,5.52,5.78,5.92,6.43,6.34
1996-03-05,,,5.02,,5.01,5.07,5.28,5.4,5.6,5.84,5.96,6.48,6.39
1996-03-06,,,5.03,,5.05,5.13,5.36,5.48,5.68,5.93,6.05,6.54,6.44
1996-03-07,,,5.03,,5.06,5.14,5.4,5.53,5.71,5.96,6.07,6.56,6.46
1996-03-08,,,5.01,,5.2,5.39,5.73,5.88,6.05,6.28,6.41,6.84,6.7
1996-03-11,,,5.09,,5.18,5.38,5.71,5.86,6.0,6.24,6.33,6.76,6.63
1996-03-12,,,5.09,,5.19,5.41,5.78,5.92,6.04,6.28,6.36,6.79,6.66
1996-03-13,,,5.09,,5.18,5.39,5.73,5.86,6.03,6.28,6.35,6.83,6.68
1996-03-14,,,5.11,,5.16,5.38,5.7,5.84,6.03,6.28,6.36,6.83,6.68
1996-03-15,,,5.14,,5.24,5.51,5.87,6.01,6.19,6.4,6.46,6.9,6.75
1996-03-18,,,5.17,,5.27,5.51,5.89,6.02,6.16,6.38,6.43,6.86,6.71
1996-03-19,,,5.19,,5.26,5.47,5.85,5.99,6.15,6.35,6.41,6.86,6.7
1996-03-20,,,5.16,,5.22,5.41,5.76,5.86,6.05,6.26,6.34,6.81,6.65
1996-03-21,,,5.07,,5.21,5.4,5.72,5.82,6.01,6.23,6.28,6.78,6.62
1996-03-22,,,5.1,,5.22,5.41,5.74,5.85,6.05,6.26,6.32,6.8,6.65
1996-03-25,,,5.13,,5.16,5.38,5.69,5.81,6.0,6.2,6.26,6.74,6.58
1996-03-26,,,5.13,,5.18,5.38,5.72,5.82,6.0,6.19,6.25,6.73,6.59
1996-03-27,,,5.17,,5.19,5.45,5.81,5.93,6.12,6.3,6.34,6.84,6.68
1996-03-28,,,5.19,,5.23,5.48,5.88,5.99,6.2,6.38,6.41,6.9,6.73
1996-03-29,,,5.13,,5.2,5.41,5.79,5.91,6.1,6.3,6.34,6.83,6.67
1996-04-01,,,5.2,,5.26,5.41,5.79,5.91,6.09,6.28,6.31,6.82,6.66
1996-04-02,,,5.16,,5.25,5.44,5.74,5.86,6.02,6.23,6.25,6.77,6.62
1996-04-03,,,5.15,,5.25,5.46,5.77,5.89,6.06,6.26,6.27,6.8,6.63
1996-04-04,,,5.11,,5.25,5.48,5.83,5.95,6.12,6.32,6.33,6.83,6.66
1996-04-05,,,5.15,,5.36,5.63,6.09,6.22,6.4,6.57,6.57,7.01,6.83
1996-04-08,,,5.16,,5.39,5.67,6.11,6.27,6.46,6.62,6.63,7.07,6.88
1996-04-09,,,5.1,,5.32,5.6,6.06,6.21,6.37,6.56,6.56,7.04,6.84
1996-04-10,,,5.08,,5.31,5.64,6.1,6.24,6.44,6.63,6.63,7.1,6.91
1996-04-11,,,5.08,,5.32,5.65,6.12,6.33,6.5,6.68,6.68,7.15,6.95
1996-04-12,,,5.07,,5.28,5.53,5.96,6.12,6.31,6.49,6.52,7.0,6.81
1996-04-15,,,4.97,,5.21,5.47,5.93,6.07,6.27,6.46,6.47,6.98,6.79
1996-04-16,,,4.95,,5.21,5.48,5.91,6.06,6.28,6.46,6.48,6.95,6.78
1996-04-17,,,4.96,,5.24,5.53,5.96,6.12,6.33,6.49,6.52,6.99,6.81
1996-04-18,,,4.98,,5.26,5.56,6.02,6.18,6.39,6.56,6.58,7.02,6.84
1996-04-19,,,5.01,,5.24,5.5,5.95,6.1,6.32,6.48,6.53,7.0,6.8
1996-04-22,,,5.09,,5.22,5.48,5.92,6.06,6.28,6.44,6.48,6.95,6.75
1996-04-23,,,5.1,,5.23,5.48,5.93,6.1,6.31,6.47,6.52,6.97,6.78
1996-04-24,,,5.13,,5.24,5.51,5.95,6.13,6.34,6.51,6.57,7.01,6.81
1996-04-25,,,5.09,,5.24,5.57,5.99,6.15,6.31,6.49,6.56,7.01,6.81
1996-04-26,,,5.11,,5.23,5.55,5.92,6.08,6.29,6.47,6.54,6.96,6.79
1996-04-29,,,5.14,,5.28,5.57,5.98,6.13,6.33,6.51,6.59,7.0,6.83
1996-04-30,,,5.14,,5.3,5.62,6.03,6.19,6.4,6.58,6.66,7.06,6.89
1996-05-01,,,5.11,,5.29,5.6,6.03,6.19,6.39,6.58,6.68,7.08,6.91
1996-05-02,,,5.13,,5.34,5.69,6.16,6.34,6.56,6.75,6.85,7.21,7.05
1996-05-03,,,5.14,,5.34,5.69,6.2,6.37,6.61,6.81,6.9,7.29,7.12
1996-05-06,,,5.14,,5.35,5.66,6.15,6.34,6.57,6.77,6.86,7.25,7.07
1996-05-07,,,5.14,,5.36,5.71,6.2,6.38,6.6,6.8,6.87,7.27,7.08
1996-05-08,,,5.13,,5.31,5.66,6.15,6.35,6.56,6.74,6.78,7.19,7.0
1996-05-09,,,5.13,,5.32,5.68,6.14,6.35,6.57,6.76,6.84,7.21,7.02
1996-05-10,,,5.13,,5.31,5.62,6.04,6.23,6.45,6.65,6.75,7.12,6.93
1996-05-13,,,5.16,,5.34,5.62,6.06,6.25,6.45,6.64,6.72,7.09,6.9
1996-05-14,,,5.14,,5.31,5.58,6.01,6.19,6.4,6.58,6.66,7.04,6.85
1996-05-15,,,5.13,,5.31,5.58,6.01,6.18,6.39,6.56,6.65,7.03,6.84
1996-05-16,,,5.15,,5.33,5.6,6.08,6.25,6.45,6.63,6.7,7.08,6.9
1996-05-17,,,5.15,,5.33,5.58,6.04,6.2,6.41,6.58,6.65,7.03,6.84
1996-05-20,,,5.17,,5.32,5.56,6.02,6.18,6.38,6.54,6.62,7.01,6.82
1996-05-21,,,5.18,,5.32,5.57,6.03,6.19,6.41,6.58,6.65,7.04,6.85
1996-05-22,,,5.18,,5.32,5.56,6.03,6.19,6.38,6.55,6.63,6.99,6.81
1996-05-23,,,5.18,,5.34,5.63,6.05,6.23,6.44,6.6,6.68,7.05,6.87
1996-05-24,,,5.18,,5.33,5.61,6.03,6.2,6.42,6.58,6.65,7.01,6.84
1996-05-28,,,5.17,,5.34,5.63,6.05,6.23,6.44,6.58,6.67,7.02,6.85
1996-05-29,,,5.18,,5.36,5.7,6.16,6.33,6.56,6.69,6.77,7.1,6.94
1996-05-30,,,5.18,,5.35,5.71,6.18,6.36,6.55,6.7,6.78,7.08,6.92
1996-05-31,,,5.18,,5.36,5.77,6.27,6.44,6.64,6.78,6.85,7.17,7.0
1996-06-03,,,5.23,,5.41,5.78,6.26,6.43,6.64,6.8,6.87,7.19,7.01
1996-06-04,,,5.2,,5.42,5.78,6.24,6.44,6.62,6.78,6.86,7.18,7.0
1996-06-05,,,5.22,,5.41,5.76,6.24,6.43,6.6,6.75,6.82,7.14,6.96
1996-06-06,,,5.21,,5.4,5.71,6.16,6.32,6.52,6.67,6.76,7.08,6.91
1996-06-07,,,5.26,,5.53,5.86,6.4,6.56,6.75,6.87,6.93,7.22,7.05
1996-06-10,,,5.29,,5.56,5.88,6.4,6.58,6.77,6.91,6.97,7.28,7.1
1996-06-11,,,5.27,,5.53,5.87,6.37,6.56,6.77,6.94,6.99,7.31,7.13
1996-06-12,,,5.26,,5.53,5.88,6.39,6.59,6.81,6.99,7.03,7.35,7.18
1996-06-13,,,5.24,,5.51,5.85,6.36,6.56,6.8,6.95,7.01,7.32,7.15
1996-06-14,,,5.21,,5.48,5.8,6.29,6.49,6.72,6.87,6.95,7.26,7.1
1996-06-17,,,5.19,,5.46,5.78,6.27,6.47,6.68,6.82,6.9,7.22,7.06
1996-06-18,,,5.21,,5.46,5.78,6.28,6.48,6.71,6.87,6.93,7.25,7.09
1996-06-19,,,5.23,,5.46,5.81,6.31,6.5,6.74,6.89,6.96,7.27,7.12
1996-06-20,,,5.26,,5.48,5.87,6.38,6.55,6.77,6.89,6.98,7.27,7.12
1996-06-21,,,5.26,,5.48,5.84,6.35,6.52,6.74,6.87,6.96,7.25,7.11
1996-06-24,,,5.23,,5.44,5.83,6.32,6.52,6.72,6.86,6.94,7.24,7.09
1996-06-25,,,5.24,,5.44,5.82,6.3,6.5,6.7,6.82,6.91,7.2,7.06
1996-06-26,,,5.24,,5.45,5.83,6.3,6.49,6.67,6.8,6.91,7.19,7.05
1996-06-27,,,5.2,,5.42,5.77,6.21,6.41,6.59,6.72,6.83,7.13,6.99
1996-06-28,,,5.18,,5.37,5.7,6.11,6.3,6.47,6.61,6.73,7.03,6.9
1996-07-01,,,5.27,,5.43,5.74,6.15,6.33,6.49,6.61,6.74,7.03,6.91
1996-07-02,,,5.32,,5.49,5.8,6.22,6.4,6.56,6.67,6.8,7.06,6.94
1996-07-03,,,5.24,,5.43,5.75,6.2,6.36,6.53,6.67,6.78,7.06,6.94
1996-07-05,,,5.31,,5.6,5.97,6.44,6.62,6.82,6.95,7.06,7.31,7.19
1996-07-08,,,5.35,,5.65,5.98,6.43,6.62,6.81,6.95,7.05,7.32,7.19
1996-07-09,,,5.34,,5.63,5.95,6.41,6.61,6.78,6.92,7.0,7.27,7.15
1996-07-10,,,5.29,,5.57,5.89,6.34,6.52,6.71,6.85,6.95,7.22,7.1
1996-07-11,,,5.26,,5.53,5.85,6.28,6.47,6.67,6.81,6.9,7.19,7.07
1996-07-12,,,5.28,,5.52,5.84,6.26,6.45,6.65,6.76,6.85,7.15,7.03
1996-07-15,,,5.32,,5.57,5.86,6.32,6.5,6.67,6.79,6.89,7.18,7.07
1996-07-16,,,5.27,,5.49,5.77,6.23,6.42,6.61,6.74,6.84,7.14,7.03
1996-07-17,,,5.26,,5.49,5.79,6.23,6.43,6.61,6.75,6.83,7.14,7.02
1996-07-18,,,5.25,,5.46,5.79,6.16,6.32,6.5,6.61,6.72,7.02,6.92
1996-07-19,,,5.28,,5.5,5.81,6.18,6.35,6.55,6.67,6.78,7.08,6.97
1996-07-22,,,5.3,,5.53,5.86,6.23,6.43,6.62,6.73,6.84,7.12,7.01
1996-07-23,,,5.3,,5.52,5.85,6.23,6.42,6.6,6.7,6.8,7.08,6.97
1996-07-24,,,5.31,,5.53,5.86,6.26,6.46,6.63,6.76,6.87,7.15,7.04
1996-07-25,,,5.29,,5.53,5.85,6.28,6.46,6.65,6.74,6.87,7.14,7.04
1996-07-26,,,5.29,,5.52,5.85,6.25,6.45,6.62,6.74,6.85,7.12,7.02
1996-07-29,,,5.37,,5.56,5.93,6.32,6.5,6.69,6.81,6.93,7.19,7.09
1996-07-30,,,5.34,,5.51,5.88,6.3,6.47,6.65,6.77,6.89,7.14,7.05
1996-07-31,,,5.32,,5.47,5.85,6.22,6.39,6.57,6.68,6.8,7.07,6.98
1996-08-01,,,5.25,,5.41,5.74,6.08,6.25,6.41,6.52,6.65,6.94,6.84
1996-08-02,,,5.21,,5.32,5.6,5.91,6.09,6.26,6.38,6.51,6.83,6.74
1996-08-05,,,5.2,,5.32,5.6,5.93,6.1,6.28,6.4,6.53,6.84,6.75
1996-08-06,,,5.19,,5.32,5.61,5.93,6.13,6.29,6.42,6.54,6.86,6.76
1996-08-07,,,5.18,,5.33,5.62,5.97,6.14,6.3,6.43,6.55,6.87,6.78
1996-08-08,,,5.15,,5.33,5.62,5.97,6.14,6.29,6.43,6.56,6.89,6.76
1996-08-09,,,5.15,,5.32,5.57,5.93,6.09,6.25,6.37,6.5,6.83,6.7
1996-08-12,,,5.18,,5.3,5.58,5.92,6.08,6.24,6.37,6.49,6.82,6.7
1996-08-13,,,5.17,,5.32,5.63,5.97,6.14,6.32,6.44,6.57,6.92,6.78
1996-08-14,,,5.16,,5.31,5.61,5.97,6.14,6.33,6.46,6.58,6.92,6.78
1996-08-15,,,5.19,,5.34,5.66,6.0,6.17,6.37,6.49,6.62,6.95,6.82
1996-08-16,,,5.18,,5.32,5.61,5.95,6.13,6.31,6.43,6.56,6.9,6.77
1996-08-19,,,5.2,,5.35,5.64,5.97,6.15,6.34,6.47,6.59,6.94,6.8
1996-08-20,,,5.18,,5.32,5.62,5.97,6.14,6.34,6.47,6.59,6.94,6.8
1996-08-21,,,5.14,,5.3,5.62,5.99,6.15,6.35,6.49,6.61,6.97,6.83
1996-08-22,,,5.14,,5.29,5.62,6.0,6.18,6.38,6.51,6.62,6.97,6.84
1996-08-23,,,5.15,,5.32,5.69,6.09,6.27,6.48,6.61,6.72,7.06,6.93
1996-08-26,,,5.21,,5.37,5.77,6.18,6.37,6.57,6.69,6.8,7.14,7.0
1996-08-27,,,5.2,,5.36,5.76,6.17,6.36,6.55,6.67,6.78,7.12,6.97
1996-08-28,,,5.2,,5.36,5.77,6.17,6.36,6.56,6.68,6.79,7.13,6.99
1996-08-29,,,5.24,,5.41,5.82,6.23,6.42,6.61,6.74,6.86,7.19,7.05
1996-08-30,,,5.29,,5.49,5.91,6.34,6.54,6.73,6.86,6.96,7.28,7.13
1996-09-03,,,5.32,,5.58,5.94,6.35,6.54,6.71,6.83,6.92,7.22,7.07
1996-09-04,,,5.32,,5.58,5.97,6.38,6.56,6.74,6.85,6.94,7.25,7.1
1996-09-05,,,5.34,,5.59,5.98,6.38,6.56,6.76,6.88,6.98,7.3,7.15
1996-09-06,,,5.33,,5.57,5.92,6.33,6.52,6.72,6.84,6.94,7.27,7.12
1996-09-09,,,5.29,,5.5,5.91,6.32,6.47,6.67,6.8,6.9,7.23,7.08
1996-09-10,,,5.29,,5.55,5.93,6.34,6.52,6.7,6.84,6.94,7.28,7.13
1996-09-11,,,5.31,,5.52,5.94,6.34,6.51,6.7,6.84,6.94,7.27,7.12
1996-09-12,,,5.28,,5.5,5.9,6.27,6.44,6.64,6.79,6.88,7.23,7.08
1996-09-13,,,5.21,,5.38,5.74,6.1,6.29,6.48,6.64,6.74,7.1,6.95
1996-09-16,,,5.2,,5.38,5.74,6.14,6.31,6.49,6.63,6.73,7.09,6.95
1996-09-17,,,5.31,,5.46,5.83,6.22,6.39,6.57,6.71,6.81,7.15,7.0
1996-09-18,,,5.28,,5.47,5.84,6.26,6.43,6.61,6.73,6.83,7.16,7.02
1996-09-19,,,5.25,,5.48,5.85,6.29,6.46,6.65,6.77,6.87,7.19,7.05
1996-09-20,,,5.29,,5.5,5.85,6.26,6.43,6.62,6.75,6.85,7.18,7.04
1996-09-23,,,5.31,,5.5,5.85,6.24,6.4,6.6,6.73,6.83,7.16,7.02
1996-09-24,,,5.17,,5.37,5.73,6.16,6.32,6.52,6.67,6.77,7.12,6.99
1996-09-25,,,5.07,,5.28,5.7,6.08,6.25,6.46,6.59,6.71,7.05,6.93
1996-09-26,,,5.0,,5.25,5.65,6.05,6.22,6.41,6.54,6.66,7.0,6.88
1996-09-27,,,5.04,,5.24,5.68,6.07,6.25,6.43,6.57,6.68,7.03,6.91
1996-09-30,,,5.14,,5.37,5.71,6.1,6.28,6.46,6.6,6.72,7.05,6.93
1996-10-01,,,5.1,,5.35,5.65,6.03,6.22,6.39,6.54,6.65,6.99,6.88
1996-10-02,,,5.03,,5.29,5.61,5.98,6.15,6.35,6.49,6.61,6.95,6.84
1996-10-03,,,5.04,,5.31,5.61,6.0,6.16,6.35,6.49,6.61,6.95,6.84
1996-10-04,,,5.01,,5.24,5.47,5.85,6.0,6.2,6.36,6.48,6.83,6.74
1996-10-07,,,5.11,,5.29,5.53,5.89,6.06,6.25,6.41,6.53,6.88,6.78
1996-10-08,,,5.12,,5.29,5.53,5.9,6.06,6.26,6.42,6.53,6.89,6.79
1996-10-09,,,5.12,,5.31,5.56,5.96,6.11,6.31,6.46,6.55,6.93,6.83
1996-10-10,,,5.15,,5.35,5.66,6.01,6.17,6.37,6.51,6.61,6.98,6.89
1996-10-11,,,5.13,,5.31,5.57,5.92,6.09,6.29,6.46,6.55,6.93,6.84
1996-10-15,,,5.17,,5.34,5.58,5.93,6.1,6.3,6.46,6.56,6.94,6.85
1996-10-16,,,5.14,,5.33,5.58,5.94,6.12,6.31,6.46,6.57,6.96,6.86
1996-10-17,,,5.12,,5.3,5.52,5.89,6.06,6.25,6.4,6.51,6.89,6.81
1996-10-18,,,5.12,,5.31,5.52,5.89,6.05,6.25,6.39,6.5,6.88,6.79
1996-10-21,,,5.14,,5.34,5.55,5.91,6.07,6.27,6.41,6.52,6.89,6.81
1996-10-22,,,5.16,,5.35,5.57,5.95,6.12,6.31,6.45,6.56,6.93,6.85
1996-10-23,,,5.13,,5.34,5.56,5.94,6.11,6.31,6.45,6.56,6.92,6.84
1996-10-24,,,5.14,,5.34,5.56,5.94,6.1,6.29,6.45,6.57,6.94,6.85
1996-10-25,,,5.14,,5.33,5.55,5.9,6.07,6.26,6.42,6.54,6.9,6.82
1996-10-28,,,5.19,,5.34,5.56,5.92,6.1,6.29,6.43,6.56,6.91,6.83
1996-10-29,,,5.14,,5.3,5.46,5.77,5.94,6.12,6.27,6.4,6.77,6.7
1996-10-30,,,5.14,,5.3,5.46,5.79,5.95,6.12,6.27,6.4,6.77,6.69
1996-10-31,,,5.17,,5.3,5.44,5.77,5.92,6.1,6.24,6.37,6.74,6.66
1996-11-01,,,5.17,,5.3,5.46,5.79,5.93,6.11,6.26,6.38,6.75,6.68
1996-11-04,,,5.19,,5.3,5.46,5.78,5.92,6.1,6.23,6.36,6.74,6.67
1996-11-05,,,5.17,,5.27,5.43,5.74,5.86,6.03,6.16,6.28,6.66,6.6
1996-11-06,,,5.17,,5.28,5.44,5.76,5.9,6.05,6.18,6.3,6.67,6.61
1996-11-07,,,5.16,,5.28,5.44,5.75,5.87,6.01,6.12,6.26,6.61,6.48
1996-11-08,,,5.18,,5.29,5.45,5.76,5.88,6.04,6.16,6.29,6.63,6.51
1996-11-12,,,5.18,,5.29,5.43,5.73,5.84,5.98,6.09,6.19,6.56,6.44
1996-11-13,,,5.17,,5.28,5.42,5.71,5.84,5.99,6.1,6.2,6.58,6.46
1996-11-14,,,5.17,,5.27,5.4,5.66,5.77,5.93,6.05,6.15,6.53,6.42
1996-11-15,,,5.16,,5.26,5.4,5.68,5.79,5.96,6.09,6.19,6.55,6.46
1996-11-18,,,5.18,,5.27,5.41,5.7,5.81,5.97,6.1,6.2,6.56,6.46
1996-11-19,,,5.17,,5.26,5.4,5.68,5.78,5.94,6.07,6.17,6.53,6.44
1996-11-20,,,5.17,,5.26,5.4,5.65,5.77,5.92,6.04,6.14,6.5,6.41
1996-11-21,,,5.18,,5.26,5.43,5.67,5.78,5.94,6.05,6.15,6.52,6.42
1996-11-22,,,5.18,,5.27,5.44,5.69,5.8,5.94,6.05,6.15,6.54,6.44
1996-11-25,,,5.18,,5.28,5.43,5.67,5.77,5.92,6.04,6.13,6.53,6.42
1996-11-26,,,5.16,,5.27,5.41,5.66,5.77,5.91,6.04,6.13,6.52,6.43
1996-11-27,,,5.15,,5.26,5.41,5.66,5.77,5.91,6.05,6.14,6.53,6.44
1996-11-29,,,5.13,,5.25,5.38,5.59,5.7,5.84,5.97,6.06,6.45,6.36
1996-12-02,,,5.08,,5.24,5.4,5.61,5.72,5.85,5.97,6.08,6.46,6.36
1996-12-03,,,5.05,,5.22,5.39,5.61,5.7,5.84,5.95,6.06,6.44,6.35
1996-12-04,,,5.03,,5.2,5.41,5.64,5.75,5.89,6.01,6.11,6.49,6.4
1996-12-05,,,5.04,,5.22,5.44,5.71,5.82,5.99,6.12,6.22,6.6,6.5
1996-12-06,,,5.03,,5.23,5.45,5.73,5.84,6.02,6.16,6.26,6.62,6.53
1996-12-09,,,4.96,,5.18,5.43,5.7,5.81,5.97,6.11,6.21,6.58,6.48
1996-12-10,,,4.96,,5.19,5.43,5.71,5.83,5.99,6.12,6.23,6.59,6.49
1996-12-11,,,4.96,,5.22,5.49,5.82,5.95,6.14,6.28,6.38,6.71,6.61
1996-12-12,,,4.97,,5.2,5.49,5.84,5.98,6.14,6.3,6.4,6.74,6.64
1996-12-13,,,4.92,,5.2,5.46,5.77,5.89,6.06,6.22,6.33,6.68,6.58
1996-12-16,,,4.97,,5.22,5.49,5.82,5.95,6.13,6.27,6.39,6.72,6.63
1996-12-17,,,5.0,,5.27,5.51,5.87,5.99,6.17,6.31,6.42,6.76,6.66
1996-12-18,,,5.03,,5.28,5.55,5.89,6.04,6.21,6.36,6.46,6.8,6.69
1996-12-19,,,5.01,,5.25,5.5,5.83,5.97,6.13,6.25,6.36,6.69,6.6
1996-12-20,,,5.02,,5.26,5.49,5.83,5.95,6.12,6.25,6.35,6.69,6.59
1996-12-23,,,5.1,,5.29,5.52,5.85,5.97,6.12,6.24,6.34,6.67,6.58
1996-12-24,,,5.09,,5.27,5.51,5.85,5.98,6.13,6.25,6.36,6.68,6.59
1996-12-26,,,5.1,,5.27,5.5,5.85,5.98,6.13,6.25,6.35,6.68,6.59
1996-12-27,,,5.11,,5.28,5.47,5.81,5.93,6.09,6.21,6.3,6.63,6.54
1996-12-30,,,5.21,,5.29,5.47,5.8,5.95,6.1,6.21,6.31,6.63,6.54
1996-12-31,,,5.21,,5.33,5.51,5.88,6.04,6.21,6.34,6.43,6.73,6.65
1997-01-02,,,5.19,,5.35,5.63,5.97,6.13,6.3,6.45,6.54,6.85,6.75
1997-01-03,,,5.17,,5.34,5.6,5.95,6.11,6.28,6.42,6.52,6.84,6.74
1997-01-06,,,5.17,,5.31,5.61,5.97,6.12,6.3,6.44,6.54,6.86,6.77
1997-01-07,,,5.16,,5.3,5.61,5.98,6.14,6.32,6.47,6.57,6.89,6.8
1997-01-08,,,5.16,,5.3,5.61,6.01,6.17,6.34,6.49,6.6,6.92,6.83
1997-01-09,,,5.13,,5.27,5.57,5.94,6.1,6.27,6.41,6.52,6.85,6.76
1997-01-10,,,5.17,,5.33,5.66,6.06,6.21,6.4,6.52,6.63,6.94,6.86
1997-01-13,,,5.08,,5.31,5.66,6.07,6.22,6.4,6.52,6.63,6.95,6.85
1997-01-14,,,5.19,,5.27,5.6,5.98,6.12,6.3,6.43,6.53,6.86,6.77
1997-01-15,,,5.16,,5.28,5.57,5.98,6.12,6.3,6.43,6.53,6.87,6.79
1997-01-16,,,5.16,,5.28,5.61,6.0,6.15,6.33,6.47,6.57,6.91,6.83
1997-01-17,,,5.14,,5.28,5.6,6.0,6.14,6.32,6.46,6.56,6.9,6.83
1997-01-21,,,5.18,,5.31,5.6,5.99,6.12,6.29,6.41,6.52,6.86,6.78
1997-01-22,,,5.18,,5.33,5.6,6.0,6.15,6.32,6.45,6.56,6.9,6.83
1997-01-23,,,5.18,,5.34,5.62,6.06,6.19,6.35,6.49,6.6,6.93,6.85
1997-01-24,,,5.16,,5.34,5.62,6.07,6.21,6.39,6.53,6.64,6.97,6.89
1997-01-27,,,5.21,,5.34,5.66,6.11,6.25,6.42,6.57,6.69,7.01,6.94
1997-01-28,,,5.18,,5.3,5.61,6.04,6.19,6.38,6.53,6.64,6.98,6.91
1997-01-29,,,5.18,,5.29,5.61,6.04,6.19,6.38,6.52,6.63,6.97,6.9
1997-01-30,,,5.18,,5.31,5.63,6.01,6.16,6.35,6.49,6.61,6.95,6.88
1997-01-31,,,5.15,,5.28,5.58,5.94,6.08,6.26,6.4,6.53,6.86,6.8
1997-02-03,,,5.12,,5.28,5.54,5.89,6.03,6.21,6.34,6.47,6.81,6.74
1997-02-04,,,5.1,,5.28,5.54,5.88,6.02,6.19,6.32,6.45,6.78,6.72
1997-02-05,,,5.13,,5.28,5.53,5.91,6.04,6.21,6.35,6.47,6.81,6.75
1997-02-06,,,5.14,,5.28,5.53,5.91,6.05,6.22,6.36,6.49,6.83,6.76
1997-02-07,,,5.14,,5.26,5.49,5.86,6.0,6.17,6.32,6.43,6.78,6.72
1997-02-10,,,5.17,,5.29,5.5,5.87,6.0,6.16,6.29,6.43,6.77,6.71
1997-02-11,,,5.14,,5.28,5.52,5.88,6.01,6.18,6.3,6.43,6.77,6.71
1997-02-12,,,5.16,,5.26,5.52,5.9,6.04,6.19,6.31,6.39,6.78,6.72
1997-02-13,,,5.13,,5.21,5.48,5.83,5.97,6.12,6.23,6.32,6.69,6.58
1997-02-14,,,5.1,,5.17,5.45,5.79,5.91,6.07,6.18,6.28,6.64,6.53
1997-02-18,,,5.12,,5.24,5.46,5.8,5.92,6.08,6.19,6.28,6.65,6.55
1997-02-19,,,5.11,,5.24,5.46,5.82,5.93,6.1,6.21,6.3,6.67,6.57
1997-02-20,,,5.1,,5.23,5.49,5.85,5.99,6.17,6.3,6.38,6.74,6.64
1997-02-21,,,5.09,,5.23,5.48,5.85,5.98,6.16,6.27,6.36,6.74,6.63
1997-02-24,,,5.16,,5.23,5.5,5.89,6.02,6.19,6.3,6.39,6.76,6.66
1997-02-25,,,5.13,,5.24,5.52,5.9,6.04,6.2,6.31,6.4,6.76,6.66
1997-02-26,,,5.22,,5.3,5.64,6.06,6.21,6.37,6.48,6.56,6.9,6.8
1997-02-27,,,5.22,,5.35,5.66,6.09,6.23,6.4,6.5,6.58,6.92,6.82
1997-02-28,,,5.22,,5.39,5.67,6.09,6.23,6.39,6.5,6.56,6.91,6.8
1997-03-03,,,5.24,,5.39,5.68,6.11,6.25,6.41,6.53,6.58,6.94,6.83
1997-03-04,,,5.25,,5.4,5.7,6.11,6.27,6.44,6.55,6.6,6.97,6.86
1997-03-05,,,5.21,,5.41,5.71,6.13,6.27,6.43,6.55,6.6,6.96,6.85
1997-03-06,,,5.23,,5.43,5.72,6.15,6.29,6.45,6.58,6.62,6.99,6.89
1997-03-07,,,5.22,,5.4,5.68,6.1,6.25,6.39,6.52,6.57,6.93,6.83
1997-03-10,,,5.2,,5.4,5.7,6.1,6.25,6.4,6.52,6.56,6.94,6.83
1997-03-11,,,5.18,,5.38,5.68,6.09,6.25,6.4,6.53,6.57,6.96,6.84
1997-03-12,,,5.21,,5.4,5.71,6.12,6.27,6.43,6.56,6.6,6.98,6.87
1997-03-13,,,5.26,,5.45,5.76,6.21,6.38,6.55,6.68,6.72,7.09,6.98
1997-03-14,,,5.24,,5.43,5.74,6.18,6.35,6.53,6.66,6.71,7.07,6.95
1997-03-17,,,5.25,,5.48,5.77,6.22,6.38,6.55,6.67,6.72,7.08,6.96
1997-03-18,,,5.25,,5.48,5.77,6.22,6.38,6.56,6.68,6.72,7.08,6.96
1997-03-19,,,5.29,,5.5,5.79,6.24,6.41,6.58,6.7,6.74,7.1,6.99
1997-03-20,,,5.34,,5.55,5.83,6.27,6.45,6.61,6.7,6.75,7.09,6.97
1997-03-21,,,5.41,,5.59,5.88,6.29,6.46,6.61,6.7,6.74,7.08,6.96
1997-03-24,,,5.4,,5.55,5.87,6.29,6.45,6.58,6.69,6.72,7.06,6.94
1997-03-25,,,5.44,,5.6,5.91,6.33,6.48,6.63,6.72,6.75,7.07,6.95
1997-03-26,,,5.35,,5.59,5.97,6.38,6.52,6.66,6.76,6.8,7.11,7.0
1997-03-27,,,5.37,,5.6,6.02,6.45,6.61,6.76,6.88,6.9,7.2,7.09
1997-03-31,,,5.35,,5.55,6.02,6.45,6.6,6.77,6.89,6.92,7.22,7.1
1997-04-01,,,5.32,,5.53,6.0,6.42,6.58,6.74,6.87,6.9,7.21,7.09
1997-04-02,,,5.3,,5.53,5.98,6.42,6.58,6.73,6.85,6.88,7.2,7.08
1997-04-03,,,5.27,,5.52,5.95,6.4,6.55,6.72,6.84,6.86,7.19,7.08
1997-04-04,,,5.29,,5.56,5.98,6.44,6.61,6.78,6.9,6.92,7.25,7.14
1997-04-07,,,5.26,,5.55,5.97,6.41,6.57,6.73,6.84,6.87,7.2,7.08
1997-04-08,,,5.25,,5.56,5.98,6.44,6.61,6.76,6.87,6.91,7.23,7.11
1997-04-09,,,5.24,,5.59,5.98,6.44,6.6,6.77,6.88,6.91,7.22,7.11
1997-04-10,,,5.29,,5.62,5.99,6.46,6.61,6.78,6.88,6.91,7.22,7.11
1997-04-11,,,5.31,,5.66,6.04,6.53,6.69,6.85,6.95,6.98,7.29,7.17
1997-04-14,,,5.3,,5.61,6.04,6.54,6.7,6.86,6.95,6.98,7.29,7.17
1997-04-15,,,5.31,,5.62,5.99,6.45,6.62,6.76,6.87,6.88,7.21,7.1
1997-04-16,,,5.29,,5.63,5.99,6.49,6.64,6.79,6.88,6.9,7.22,7.11
1997-04-17,,,5.29,,5.64,5.96,6.44,6.6,6.75,6.84,6.86,7.18,7.07
1997-04-18,,,5.29,,5.63,5.94,6.42,6.57,6.73,6.81,6.84,7.17,7.06
1997-04-21,,,5.36,,5.61,5.97,6.46,6.61,6.76,6.85,6.87,7.2,7.09
1997-04-22,,,5.36,,5.59,5.97,6.43,6.59,6.73,6.81,6.84,7.16,7.05
1997-04-23,,,5.37,,5.62,6.0,6.47,6.63,6.78,6.86,6.89,7.2,7.09
1997-04-24,,,5.32,,5.63,6.05,6.52,6.68,6.83,6.92,6.93,7.23,7.13
1997-04-25,,,5.31,,5.65,6.08,6.54,6.7,6.83,6.92,6.94,7.25,7.14
1997-04-28,,,5.35,,5.68,6.06,6.51,6.66,6.81,6.9,6.92,7.23,7.12
1997-04-29,,,5.34,,5.53,5.92,6.34,6.49,6.64,6.75,6.77,7.09,6.99
1997-04-30,,,5.28,,5.53,5.9,6.29,6.42,6.57,6.68,6.72,7.05,6.95
1997-05-01,,,5.24,,5.55,5.89,6.27,6.41,6.55,6.65,6.69,7.02,6.93
1997-05-02,,,5.24,,5.56,5.88,6.26,6.4,6.54,6.63,6.68,6.99,6.9
1997-05-05,,,5.22,,5.57,5.88,6.28,6.41,6.54,6.63,6.67,6.99,6.9
1997-05-06,,,5.21,,5.59,5.9,6.29,6.39,6.56,6.63,6.67,6.98,6.89
1997-05-07,,,5.22,,5.57,5.95,6.36,6.51,6.63,6.72,6.76,7.05,6.96
1997-05-08,,,5.21,,5.55,5.93,6.33,6.47,6.59,6.68,6.72,7.01,6.92
1997-05-09,,,5.19,,5.48,5.86,6.24,6.4,6.51,6.62,6.67,6.97,6.89
1997-05-12,,,5.24,,5.55,5.85,6.23,6.37,6.5,6.6,6.65,6.96,6.88
1997-05-13,,,5.24,,5.55,5.88,6.3,6.44,6.6,6.67,6.71,7.01,6.92
1997-05-14,,,5.19,,5.52,5.86,6.26,6.41,6.54,6.64,6.68,6.98,6.9
1997-05-15,,,5.13,,5.54,5.84,6.25,6.39,6.52,6.61,6.67,6.96,6.88
1997-05-16,,,5.2,,5.57,5.87,6.28,6.41,6.55,6.64,6.7,7.0,6.91
1997-05-19,,,5.38,,5.62,5.89,6.28,6.42,6.57,6.66,6.71,7.0,6.92
1997-05-20,,,5.39,,5.53,5.83,6.25,6.4,6.54,6.64,6.7,7.01,6.92
1997-05-21,,,5.12,,5.5,5.81,6.25,6.4,6.57,6.67,6.74,7.06,6.97
1997-05-22,,,5.18,,5.47,5.87,6.27,6.44,6.61,6.69,6.76,7.08,7.0
1997-05-23,,,5.18,,5.46,5.85,6.25,6.41,6.59,6.68,6.74,7.07,6.99
1997-05-27,,,5.18,,5.5,5.89,6.3,6.47,6.64,6.73,6.79,7.12,7.03
1997-05-28,,,5.18,,5.48,5.91,6.34,6.48,6.65,6.74,6.8,7.11,7.03
1997-05-29,,,5.03,,5.46,5.84,6.3,6.45,6.61,6.69,6.75,7.06,6.99
1997-05-30,,,4.96,,5.46,5.78,6.22,6.37,6.51,6.61,6.67,6.99,6.92
1997-06-02,,,5.07,,5.42,5.78,6.23,6.36,6.52,6.59,6.66,6.98,6.9
1997-06-03,,,5.05,,5.4,5.77,6.2,6.33,6.49,6.56,6.63,6.94,6.88
1997-06-04,,,5.09,,5.4,5.77,6.2,6.33,6.49,6.56,6.62,6.95,6.88
1997-06-05,,,5.11,,5.41,5.76,6.2,6.33,6.49,6.57,6.62,6.95,6.88
1997-06-06,,,5.07,,5.38,5.71,6.12,6.25,6.39,6.46,6.51,6.85,6.78
1997-06-09,,,5.06,,5.4,5.75,6.15,6.31,6.44,6.51,6.55,6.9,6.83
1997-06-10,,,5.05,,5.41,5.75,6.17,6.32,6.46,6.54,6.57,6.91,6.84
1997-06-11,,,4.98,,5.4,5.75,6.19,6.32,6.45,6.52,6.56,6.9,6.83
1997-06-12,,,4.97,,5.35,5.68,6.07,6.21,6.35,6.44,6.48,6.84,6.77
1997-06-13,,,5.0,,5.34,5.65,6.03,6.18,6.3,6.39,6.43,6.79,6.73
1997-06-16,,,5.03,,5.3,5.65,6.02,6.15,6.28,6.38,6.4,6.76,6.7
1997-06-17,,,5.05,,5.31,5.66,6.05,6.18,6.31,6.39,6.43,6.78,6.72
1997-06-18,,,5.03,,5.3,5.66,6.02,6.17,6.29,6.38,6.4,6.77,6.69
1997-06-19,,,5.08,,5.31,5.65,6.04,6.17,6.29,6.38,6.4,6.76,6.68
1997-06-20,,,5.08,,5.31,5.63,6.02,6.14,6.27,6.37,6.37,6.72,6.65
1997-06-23,,,5.06,,5.27,5.66,6.04,6.17,6.3,6.37,6.4,6.76,6.69
1997-06-24,,,5.07,,5.28,5.66,6.03,6.18,6.31,6.38,6.42,6.76,6.7
1997-06-25,,,5.07,,5.26,5.67,6.05,6.19,6.34,6.44,6.45,6.8,6.74
1997-06-26,,,5.17,,5.26,5.63,6.05,6.24,6.36,6.47,6.5,6.86,6.78
1997-06-27,,,5.15,,5.26,5.62,6.03,6.2,6.35,6.43,6.46,6.82,6.75
1997-06-30,,,5.25,,5.34,5.67,6.08,6.25,6.4,6.49,6.51,6.86,6.8
1997-07-01,,,5.18,,5.31,5.64,6.02,6.19,6.33,6.42,6.45,6.8,6.74
1997-07-02,,,5.2,,5.33,5.64,6.02,6.17,6.3,6.4,6.42,6.78,6.72
1997-07-03,,,5.14,,5.26,5.57,5.93,6.07,6.2,6.29,6.31,6.67,6.63
1997-07-07,,,5.12,,5.28,5.55,5.92,6.04,6.17,6.26,6.27,6.63,6.58
1997-07-08,,,5.12,,5.3,5.55,5.92,6.05,6.17,6.26,6.27,6.63,6.59
1997-07-09,,,5.11,,5.3,5.53,5.9,6.02,6.15,6.23,6.25,6.6,6.56
1997-07-10,,,5.15,,5.32,5.53,5.91,6.02,6.15,6.24,6.26,6.61,6.56
1997-07-11,,,5.14,,5.31,5.52,5.89,6.01,6.13,6.22,6.23,6.58,6.53
1997-07-14,,,5.22,,5.33,5.56,5.94,6.05,6.16,6.24,6.26,6.61,6.55
1997-07-15,,,5.22,,5.32,5.56,5.92,6.05,6.16,6.25,6.26,6.6,6.55
1997-07-16,,,5.17,,5.32,5.51,5.87,5.99,6.11,6.18,6.2,6.54,6.48
1997-07-17,,,5.18,,5.33,5.57,5.87,5.99,6.11,6.18,6.19,6.54,6.49
1997-07-18,,,5.24,,5.36,5.59,5.91,6.02,6.16,6.23,6.24,6.58,6.52
1997-07-21,,,5.27,,5.39,5.61,5.94,6.05,6.18,6.25,6.27,6.61,6.55
1997-07-22,,,5.18,,5.36,5.52,5.9,5.94,6.07,6.13,6.15,6.5,6.43
1997-07-23,,,5.2,,5.34,5.52,5.85,5.95,6.06,6.13,6.14,6.48,6.42
1997-07-24,,,5.23,,5.35,5.52,5.87,5.95,6.06,6.13,6.16,6.49,6.43
1997-07-25,,,5.24,,5.36,5.53,5.87,5.97,6.08,6.16,6.18,6.51,6.45
1997-07-28,,,5.24,,5.37,5.52,5.86,5.96,6.06,6.14,6.16,6.49,6.43
1997-07-29,,,5.24,,5.34,5.47,5.79,5.88,6.0,6.08,6.11,6.43,6.38
1997-07-30,,,5.24,,5.34,5.46,5.76,5.85,5.95,6.03,6.05,6.39,6.33
1997-07-31,,,5.25,,5.33,5.45,5.74,5.81,5.9,5.99,6.02,6.35,6.3
1997-08-01,,,5.28,,5.4,5.52,5.89,5.99,6.08,6.17,6.2,6.52,6.46
1997-08-04,,,5.29,,5.41,5.53,5.91,6.02,6.12,6.2,6.23,6.54,6.48
1997-08-05,,,5.29,,5.43,5.55,5.93,6.04,6.13,6.22,6.23,6.55,6.49
1997-08-06,,,5.29,,5.43,5.53,5.91,6.03,6.11,6.2,6.21,6.53,6.48
1997-08-07,,,5.3,,5.45,5.54,5.93,6.05,6.14,6.24,6.24,6.58,6.51
1997-08-08,,,5.29,,5.45,5.6,6.02,6.15,6.23,6.37,6.38,6.74,6.64
1997-08-11,,,5.31,,5.45,5.63,5.99,6.13,6.2,6.35,6.36,6.72,6.64
1997-08-12,,,5.31,,5.46,5.63,6.0,6.14,6.22,6.39,6.39,6.75,6.66
1997-08-13,,,5.32,,5.43,5.6,5.95,6.09,6.19,6.36,6.36,6.72,6.64
1997-08-14,,,5.34,,5.42,5.57,5.92,6.03,6.13,6.27,6.27,6.65,6.56
1997-08-15,,,5.29,,5.38,5.53,5.87,6.0,6.1,6.27,6.27,6.65,6.57
1997-08-18,,,5.23,,5.35,5.5,5.82,5.94,6.06,6.21,6.21,6.6,6.53
1997-08-19,,,5.25,,5.35,5.51,5.85,5.97,6.07,6.21,6.21,6.59,6.51
1997-08-20,,,5.24,,5.36,5.53,5.88,6.0,6.1,6.24,6.24,6.61,6.54
1997-08-21,,,5.27,,5.37,5.57,5.95,6.05,6.15,6.3,6.3,6.68,6.6
1997-08-22,,,5.25,,5.34,5.57,5.98,6.09,6.21,6.36,6.38,6.75,6.67
1997-08-25,,,5.28,,5.39,5.6,6.01,6.12,6.25,6.38,6.39,6.75,6.67
1997-08-26,,,5.28,,5.39,5.6,5.99,6.12,6.24,6.37,6.38,6.74,6.66
1997-08-27,,,5.28,,5.4,5.6,6.01,6.13,6.23,6.37,6.38,6.74,6.66
1997-08-28,,,5.24,,5.38,5.56,5.94,6.06,6.18,6.29,6.3,6.64,6.57
1997-08-29,,,5.24,,5.39,5.59,5.97,6.1,6.22,6.33,6.34,6.69,6.61
1997-09-02,,,5.21,,5.39,5.57,5.94,6.06,6.2,6.3,6.31,6.65,6.58
1997-09-03,,,5.14,,5.38,5.57,5.96,6.07,6.21,6.33,6.33,6.67,6.6
1997-09-04,,,5.14,,5.38,5.6,5.98,6.09,6.22,6.33,6.33,6.67,6.61
1997-09-05,,,5.17,,5.38,5.58,5.98,6.09,6.24,6.36,6.37,6.72,6.65
1997-09-08,,,5.16,,5.37,5.61,5.98,6.09,6.23,6.33,6.33,6.68,6.62
1997-09-09,,,5.16,,5.35,5.6,5.98,6.09,6.24,6.33,6.34,6.7,6.63
1997-09-10,,,5.11,,5.35,5.61,6.0,6.1,6.26,6.36,6.37,6.71,6.66
1997-09-11,,,5.13,,5.36,5.59,6.0,6.11,6.27,6.38,6.39,6.75,6.68
1997-09-12,,,5.1,,5.32,5.54,5.93,6.03,6.17,6.28,6.29,6.66,6.59
1997-09-15,,,5.08,,5.31,5.54,5.93,6.02,6.17,6.28,6.28,6.65,6.58
1997-09-16,,,5.09,,5.28,5.47,5.81,5.88,6.0,6.09,6.11,6.47,6.41
1997-09-17,,,5.1,,5.29,5.46,5.79,5.88,5.99,6.08,6.1,6.45,6.39
1997-09-18,,,5.1,,5.27,5.47,5.81,5.9,6.02,6.1,6.11,6.46,6.4
1997-09-19,,,5.06,,5.27,5.48,5.81,5.89,6.01,6.08,6.09,6.44,6.38
1997-09-22,,,5.02,,5.22,5.46,5.79,5.86,5.99,6.05,6.06,6.41,6.35
1997-09-23,,,5.02,,5.21,5.48,5.8,5.89,6.02,6.09,6.1,6.44,6.38
1997-09-24,,,4.94,,5.15,5.46,5.78,5.86,5.97,6.04,6.04,6.38,6.32
1997-09-25,,,4.93,,5.17,5.5,5.85,5.93,6.04,6.13,6.13,6.47,6.4
1997-09-26,,,4.99,,5.18,5.47,5.8,5.89,5.99,6.08,6.08,6.43,6.37
1997-09-29,,,5.07,,5.3,5.47,5.8,5.88,5.99,6.09,6.1,6.44,6.39
1997-09-30,,,5.06,,5.28,5.47,5.8,5.88,6.0,6.11,6.12,6.47,6.41
1997-10-01,,,5.1,,5.27,5.44,5.75,5.83,5.93,6.05,6.04,6.38,6.33
1997-10-02,,,5.07,,5.25,5.44,5.73,5.8,5.91,6.02,6.01,6.36,6.31
1997-10-03,,,5.03,,5.22,5.42,5.72,5.79,5.89,6.02,6.01,6.35,6.3
1997-10-06,,,5.08,,5.22,5.4,5.68,5.75,5.85,5.97,5.96,6.31,6.27
1997-10-07,,,5.06,,5.19,5.38,5.67,5.73,5.82,5.95,5.94,6.29,6.24
1997-10-08,,,5.09,,5.25,5.46,5.79,5.85,5.96,6.09,6.08,6.41,6.37
1997-10-09,,,5.14,,5.3,5.48,5.8,5.86,5.98,6.1,6.09,6.43,6.38
1997-10-10,,,5.14,,5.32,5.54,5.86,5.92,6.03,6.17,6.15,6.49,6.44
1997-10-14,,,5.08,,5.34,5.5,5.81,5.87,5.97,6.09,6.07,6.42,6.36
1997-10-15,,,5.06,,5.34,5.52,5.84,5.9,6.0,6.13,6.1,6.45,6.39
1997-10-16,,,5.07,,5.32,5.51,5.84,5.9,6.0,6.12,6.09,6.45,6.39
1997-10-17,,,5.06,,5.33,5.56,5.91,5.98,6.08,6.19,6.17,6.51,6.44
1997-10-20,,,5.09,,5.36,5.56,5.9,5.97,6.07,6.18,6.15,6.49,6.42
1997-10-21,,,5.07,,5.38,5.57,5.92,5.98,6.07,6.18,6.14,6.49,6.42
1997-10-22,,,5.16,,5.41,5.58,5.91,5.97,6.06,6.17,6.12,6.48,6.41
1997-10-23,,,5.13,,5.35,5.48,5.79,5.86,5.95,6.07,6.04,6.39,6.33
1997-10-24,,,5.15,,5.35,5.46,5.79,5.86,5.94,6.05,6.01,6.35,6.3
1997-10-27,,,5.08,,5.22,5.29,5.62,5.7,5.79,5.94,5.91,6.29,6.24
1997-10-28,,,5.25,,5.33,5.41,5.74,5.8,5.89,6.0,5.98,6.33,6.29
1997-10-29,,,5.19,,5.26,5.35,5.67,5.74,5.78,5.95,5.91,6.28,6.23
1997-10-30,,,5.17,,5.25,5.33,5.61,5.7,5.73,5.88,5.84,6.23,6.17
1997-10-31,,,5.21,,5.32,5.36,5.63,5.7,5.72,5.87,5.84,6.21,6.15
1997-11-03,,,5.26,,5.35,5.44,5.69,5.77,5.79,5.94,5.91,6.27,6.21
1997-11-04,,,5.25,,5.35,5.46,5.73,5.77,5.83,5.98,5.95,6.3,6.25
1997-11-05,,,5.27,,5.32,5.45,5.73,5.78,5.84,5.97,5.95,6.3,6.24
1997-11-06,,,5.31,,5.31,5.42,5.7,5.76,5.79,5.92,5.9,6.25,6.15
1997-11-07,,,5.31,,5.33,5.42,5.71,5.77,5.81,5.92,5.9,6.25,6.14
1997-11-10,,,5.32,,5.39,5.46,5.73,5.78,5.82,5.94,5.91,6.25,6.15
1997-11-12,,,5.3,,5.37,5.43,5.7,5.76,5.81,5.92,5.89,6.23,6.13
1997-11-13,,,5.27,,5.37,5.42,5.7,5.75,5.79,5.9,5.87,6.21,6.11
1997-11-14,,,5.27,,5.36,5.43,5.7,5.74,5.8,5.9,5.86,6.19,6.09
1997-11-17,,,5.31,,5.38,5.45,5.7,5.74,5.79,5.88,5.85,6.18,6.07
1997-11-18,,,5.31,,5.39,5.48,5.71,5.74,5.8,5.88,5.85,6.18,6.07
1997-11-19,,,5.28,,5.38,5.47,5.7,5.72,5.77,5.84,5.82,6.12,6.03
1997-11-20,,,5.28,,5.39,5.49,5.73,5.74,5.8,5.87,5.84,6.14,6.05
1997-11-21,,,5.25,,5.35,5.43,5.68,5.7,5.77,5.84,5.82,6.13,6.04
1997-11-24,,,5.29,,5.43,5.47,5.71,5.75,5.81,5.88,5.86,6.17,6.08
1997-11-25,,,5.3,,5.46,5.49,5.71,5.75,5.8,5.87,5.85,6.15,6.06
1997-11-26,,,5.26,,5.42,5.5,5.74,5.77,5.82,5.89,5.86,6.14,6.06
1997-11-28,,,5.22,,5.43,5.52,5.76,5.8,5.83,5.89,5.86,6.12,6.04
1997-12-01,,,5.27,,5.42,5.56,5.78,5.8,5.83,5.88,5.86,6.13,6.04
1997-12-02,,,5.26,,5.41,5.56,5.78,5.8,5.83,5.88,5.86,6.11,6.03
1997-12-03,,,5.26,,5.4,5.53,5.74,5.77,5.8,5.85,5.83,6.1,6.02
1997-12-04,,,5.27,,5.4,5.49,5.71,5.75,5.78,5.86,5.84,6.11,6.04
1997-12-05,,,5.3,,5.49,5.56,5.8,5.83,5.87,5.94,5.92,6.16,6.09
1997-12-08,,,5.29,,5.55,5.63,5.85,5.87,5.92,5.98,5.96,6.21,6.14
1997-12-09,,,5.27,,5.5,5.59,5.81,5.86,5.9,5.97,5.95,6.21,6.14
1997-12-10,,,5.21,,5.44,5.51,5.75,5.79,5.85,5.92,5.9,6.17,6.1
1997-12-11,,,5.2,,5.39,5.48,5.68,5.72,5.77,5.84,5.82,6.11,6.02
1997-12-12,,,5.18,,5.35,5.42,5.63,5.67,5.71,5.76,5.74,6.03,5.94
1997-12-15,,,5.23,,5.41,5.47,5.68,5.7,5.74,5.8,5.78,6.06,5.97
1997-12-16,,,5.23,,5.4,5.47,5.68,5.69,5.74,5.8,5.77,6.05,5.96
1997-12-17,,,5.25,,5.42,5.5,5.7,5.72,5.77,5.82,5.81,6.08,5.99
1997-12-18,,,5.24,,5.42,5.49,5.68,5.69,5.74,5.78,5.76,6.03,5.94
1997-12-19,,,5.33,,5.46,5.5,5.66,5.67,5.7,5.74,5.72,6.0,5.92
1997-12-22,,,5.46,,5.53,5.55,5.69,5.7,5.71,5.73,5.72,5.97,5.89
1997-12-23,,,5.46,,5.53,5.55,5.69,5.7,5.71,5.74,5.73,5.98,5.9
1997-12-24,,,5.38,,5.49,5.54,5.67,5.71,5.72,5.76,5.76,6.0,5.91
1997-12-26,,,5.35,,5.47,5.54,5.69,5.72,5.72,5.75,5.75,5.99,5.9
1997-12-29,,,5.45,,5.51,5.55,5.69,5.73,5.73,5.76,5.76,6.01,5.93
1997-12-30,,,5.45,,5.49,5.55,5.71,5.75,5.76,5.82,5.8,6.06,5.98
1997-12-31,,,5.36,,5.45,5.51,5.66,5.68,5.71,5.77,5.75,6.02,5.93
1998-01-02,,,5.32,,5.4,5.46,5.59,5.62,5.63,5.68,5.67,5.94,5.86
1998-01-05,,,5.23,,5.32,5.35,5.47,5.47,5.46,5.52,5.52,5.82,5.74
1998-01-06,,,5.22,,5.3,5.3,5.39,5.42,5.41,5.49,5.49,5.8,5.73
1998-01-07,,,5.23,,5.3,5.31,5.42,5.45,5.45,5.55,5.55,5.88,5.8
1998-01-08,,,5.13,,5.2,5.2,5.31,5.33,5.34,5.46,5.49,5.82,5.75
1998-01-09,,,5.05,,5.11,5.08,5.17,5.2,5.22,5.37,5.4,5.77,5.71
1998-01-12,,,5.12,,5.13,5.13,5.2,5.21,5.24,5.38,5.39,5.76,5.7
1998-01-13,,,5.17,,5.16,5.17,5.25,5.25,5.28,5.42,5.41,5.76,5.71
1998-01-14,,,5.18,,5.17,5.19,5.29,5.3,5.33,5.45,5.45,5.79,5.74
1998-01-15,,,5.13,,5.15,5.19,5.29,5.29,5.34,5.46,5.48,5.81,5.74
1998-01-16,,,5.15,,5.2,5.24,5.35,5.35,5.42,5.53,5.54,5.87,5.81
1998-01-20,,,5.14,,5.2,5.24,5.37,5.36,5.45,5.56,5.57,5.89,5.83
1998-01-21,,,5.13,,5.21,5.22,5.33,5.34,5.41,5.52,5.54,5.87,5.81
1998-01-22,,,5.13,,5.2,5.18,5.3,5.31,5.39,5.53,5.56,5.91,5.85
1998-01-23,,,5.17,,5.26,5.25,5.42,5.44,5.53,5.67,5.7,6.04,5.98
1998-01-26,,,5.22,,5.23,5.25,5.39,5.42,5.49,5.61,5.63,5.96,5.9
1998-01-27,,,5.24,,5.3,5.32,5.46,5.5,5.57,5.68,5.7,6.02,5.95
1998-01-28,,,5.23,,5.3,5.33,5.46,5.5,5.54,5.67,5.69,6.02,5.94
1998-01-29,,,5.2,,5.23,5.24,5.36,5.39,5.43,5.55,5.58,5.92,5.85
1998-01-30,,,5.19,,5.24,5.24,5.32,5.35,5.39,5.51,5.53,5.88,5.82
1998-02-02,,,5.26,,5.3,5.26,5.36,5.38,5.43,5.55,5.57,5.93,5.87
1998-02-03,,,5.26,,5.29,5.25,5.34,5.36,5.41,5.56,5.56,5.93,5.86
1998-02-04,,,5.11,,5.22,5.24,5.32,5.35,5.41,5.55,5.57,5.94,5.87
1998-02-05,,,5.14,,5.22,5.26,5.36,5.39,5.46,5.61,5.62,6.0,5.92
1998-02-06,,,5.17,,5.25,5.27,5.38,5.43,5.48,5.61,5.62,5.99,5.92
1998-02-09,,,5.22,,5.25,5.28,5.41,5.46,5.51,5.65,5.65,6.02,5.94
1998-02-10,,,5.21,,5.24,5.29,5.41,5.43,5.49,5.63,5.64,6.0,5.93
1998-02-11,,,5.22,,5.23,5.29,5.39,5.4,5.46,5.57,5.53,5.92,5.86
1998-02-12,,,5.22,,5.23,5.28,5.39,5.4,5.46,5.56,5.52,5.94,5.87
1998-02-13,,,5.22,,5.24,5.26,5.36,5.36,5.44,5.53,5.49,5.92,5.85
1998-02-17,,,5.2,,5.29,5.25,5.34,5.34,5.41,5.5,5.44,5.86,5.8
1998-02-18,,,5.2,,5.3,5.27,5.37,5.38,5.44,5.54,5.49,5.9,5.84
1998-02-19,,,5.21,,5.31,5.28,5.39,5.4,5.47,5.57,5.51,5.91,5.85
1998-02-20,,,5.21,,5.3,5.3,5.41,5.41,5.49,5.58,5.54,5.93,5.87
1998-02-23,,,5.28,,5.26,5.35,5.46,5.47,5.53,5.62,5.58,5.97,5.91
1998-02-24,,,5.27,,5.32,5.47,5.57,5.6,5.66,5.75,5.69,6.04,5.97
1998-02-25,,,5.31,,5.31,5.43,5.55,5.56,5.6,5.7,5.63,5.99,5.93
1998-02-26,,,5.34,,5.32,5.42,5.58,5.58,5.62,5.71,5.65,6.01,5.95
1998-02-27,,,5.32,,5.33,5.41,5.55,5.55,5.59,5.67,5.62,5.99,5.92
1998-03-02,,,5.26,,5.35,5.43,5.6,5.61,5.67,5.77,5.72,6.09,6.03
1998-03-03,,,5.23,,5.34,5.46,5.64,5.64,5.72,5.82,5.77,6.14,6.07
1998-03-04,,,5.19,,5.29,5.43,5.63,5.64,5.71,5.81,5.76,6.11,6.05
1998-03-05,,,5.18,,5.26,5.42,5.62,5.63,5.71,5.84,5.78,6.14,6.07
1998-03-06,,,5.15,,5.24,5.4,5.58,5.59,5.65,5.78,5.73,6.09,6.02
1998-03-09,,,5.11,,5.24,5.39,5.57,5.56,5.61,5.74,5.67,6.04,5.97
1998-03-10,,,5.09,,5.23,5.38,5.55,5.56,5.62,5.73,5.67,6.03,5.97
1998-03-11,,,5.09,,5.22,5.37,5.53,5.54,5.57,5.69,5.63,6.0,5.93
1998-03-12,,,5.08,,5.19,5.34,5.5,5.49,5.52,5.62,5.56,5.94,5.87
1998-03-13,,,5.09,,5.21,5.35,5.5,5.49,5.54,5.65,5.58,5.95,5.89
1998-03-16,,,5.12,,5.24,5.33,5.47,5.47,5.52,5.6,5.54,5.92,5.86
1998-03-17,,,5.14,,5.25,5.36,5.5,5.48,5.53,5.63,5.56,5.95,5.89
1998-03-18,,,5.17,,5.27,5.36,5.52,5.51,5.55,5.65,5.58,5.97,5.91
1998-03-19,,,5.18,,5.28,5.37,5.52,5.52,5.56,5.65,5.58,5.97,5.9
1998-03-20,,,5.19,,5.27,5.36,5.52,5.5,5.56,5.64,5.57,5.95,5.89
1998-03-23,,,5.17,,5.21,5.36,5.52,5.52,5.56,5.63,5.57,5.95,5.88
1998-03-24,,,5.17,,5.21,5.37,5.5,5.52,5.57,5.63,5.58,5.95,5.88
1998-03-25,,,5.18,,5.19,5.4,5.58,5.59,5.62,5.7,5.64,6.0,5.94
1998-03-26,,,5.22,,5.2,5.41,5.62,5.65,5.66,5.74,5.68,6.02,5.96
1998-03-27,,,5.21,,5.2,5.43,5.63,5.66,5.67,5.75,5.68,6.03,5.96
1998-03-30,,,5.18,,5.3,5.44,5.65,5.69,5.7,5.79,5.72,6.06,5.98
1998-03-31,,,5.16,,5.27,5.41,5.6,5.61,5.64,5.74,5.67,6.02,5.94
1998-04-01,,,5.12,,5.24,5.37,5.55,5.58,5.59,5.68,5.62,5.98,5.9
1998-04-02,,,5.1,,5.22,5.35,5.52,5.53,5.54,5.64,5.56,5.92,5.85
1998-04-03,,,5.08,,5.17,5.25,5.42,5.42,5.44,5.54,5.47,5.85,5.78
1998-04-06,,,5.1,,5.22,5.3,5.45,5.47,5.49,5.58,5.51,5.89,5.82
1998-04-07,,,5.07,,5.2,5.28,5.45,5.48,5.5,5.59,5.53,5.91,5.84
1998-04-08,,,5.06,,5.21,5.3,5.49,5.51,5.54,5.64,5.58,5.96,5.9
1998-04-09,,,5.07,,5.22,5.33,5.5,5.52,5.56,5.64,5.59,5.95,5.88
1998-04-13,,,5.19,,5.35,5.42,5.59,5.61,5.64,5.72,5.66,6.01,5.94
1998-04-14,,,5.16,,5.32,5.4,5.57,5.58,5.6,5.69,5.63,5.98,5.91
1998-04-15,,,5.08,,5.3,5.38,5.55,5.56,5.59,5.66,5.6,5.96,5.89
1998-04-16,,,5.04,,5.28,5.37,5.53,5.53,5.57,5.64,5.59,5.94,5.87
1998-04-17,,,5.05,,5.26,5.36,5.54,5.53,5.57,5.64,5.59,5.95,5.88
1998-04-20,,,5.08,,5.25,5.39,5.57,5.57,5.61,5.7,5.65,6.0,5.92
1998-04-21,,,5.07,,5.25,5.41,5.6,5.62,5.66,5.73,5.68,6.03,5.96
1998-04-22,,,5.09,,5.25,5.41,5.6,5.62,5.66,5.73,5.68,6.04,5.96
1998-04-23,,,5.09,,5.27,5.4,5.61,5.62,5.66,5.74,5.69,6.05,5.98
1998-04-24,,,5.08,,5.26,5.39,5.61,5.62,5.65,5.72,5.67,6.02,5.95
1998-04-27,,,5.08,,5.35,5.48,5.71,5.73,5.77,5.86,5.8,6.15,6.07
1998-04-28,,,5.06,,5.34,5.48,5.69,5.73,5.78,5.86,5.8,6.15,6.07
1998-04-29,,,5.07,,5.32,5.49,5.71,5.75,5.78,5.87,5.81,6.15,6.08
1998-04-30,,,5.0,,5.24,5.4,5.59,5.62,5.65,5.74,5.68,6.04,5.95
1998-05-01,,,5.02,,5.27,5.41,5.59,5.62,5.63,5.72,5.67,6.02,5.94
1998-05-04,,,5.1,,5.32,5.42,5.59,5.62,5.63,5.73,5.67,6.02,5.94
1998-05-05,,,5.11,,5.32,5.45,5.61,5.64,5.66,5.76,5.7,6.05,5.98
1998-05-06,,,5.11,,5.32,5.41,5.56,5.59,5.6,5.72,5.67,6.02,5.94
1998-05-07,,,5.12,,5.32,5.42,5.56,5.6,5.6,5.72,5.67,6.02,5.95
1998-05-08,,,5.14,,5.35,5.44,5.61,5.64,5.65,5.75,5.71,6.05,5.98
1998-05-11,,,5.14,,5.39,5.48,5.66,5.7,5.72,5.82,5.79,6.12,6.04
1998-05-12,,,5.12,,5.36,5.44,5.59,5.6,5.65,5.74,5.7,6.04,5.96
1998-05-13,,,5.12,,5.38,5.44,5.59,5.6,5.63,5.72,5.64,6.02,5.95
1998-05-14,,,5.18,,5.38,5.48,5.63,5.64,5.66,5.76,5.67,6.05,5.98
1998-05-15,,,5.18,,5.38,5.46,5.63,5.64,5.67,5.76,5.68,6.05,5.97
1998-05-18,,,5.2,,5.37,5.45,5.59,5.59,5.63,5.72,5.64,5.99,5.92
1998-05-19,,,5.23,,5.37,5.45,5.59,5.6,5.63,5.73,5.65,6.02,5.94
1998-05-20,,,5.21,,5.36,5.42,5.57,5.57,5.6,5.68,5.61,5.98,5.89
1998-05-21,,,5.24,,5.43,5.47,5.63,5.63,5.66,5.73,5.65,6.01,5.93
1998-05-22,,,5.22,,5.4,5.45,5.63,5.63,5.65,5.72,5.64,5.99,5.9
1998-05-26,,,5.17,,5.38,5.45,5.61,5.59,5.6,5.67,5.59,5.94,5.85
1998-05-27,,,5.09,,5.35,5.41,5.53,5.54,5.57,5.64,5.56,5.93,5.83
1998-05-28,,,5.07,,5.35,5.43,5.57,5.57,5.56,5.65,5.58,5.93,5.83
1998-05-29,,,5.03,,5.33,5.42,5.53,5.54,5.56,5.63,5.56,5.9,5.81
1998-06-01,,,5.08,,5.3,5.4,5.52,5.51,5.53,5.59,5.53,5.87,5.78
1998-06-02,,,5.08,,5.32,5.41,5.53,5.53,5.56,5.62,5.56,5.89,5.8
1998-06-03,,,5.13,,5.32,5.42,5.55,5.56,5.57,5.63,5.57,5.89,5.8
1998-06-04,,,5.12,,5.33,5.43,5.58,5.58,5.6,5.65,5.59,5.91,5.82
1998-06-05,,,5.12,,5.34,5.45,5.58,5.59,5.6,5.63,5.58,5.89,5.79
1998-06-08,,,5.16,,5.38,5.46,5.58,5.59,5.6,5.63,5.58,5.89,5.79
1998-06-09,,,5.17,,5.4,5.46,5.6,5.6,5.61,5.64,5.59,5.89,5.79
1998-06-10,,,5.14,,5.38,5.44,5.55,5.54,5.55,5.58,5.51,5.8,5.7
1998-06-11,,,5.11,,5.32,5.37,5.45,5.44,5.46,5.49,5.44,5.74,5.65
1998-06-12,,,5.13,,5.31,5.35,5.43,5.43,5.43,5.48,5.43,5.75,5.66
1998-06-15,,,5.16,,5.29,5.33,5.43,5.41,5.42,5.45,5.38,5.7,5.61
1998-06-16,,,5.2,,5.32,5.39,5.5,5.47,5.49,5.52,5.45,5.75,5.65
1998-06-17,,,5.23,,5.36,5.44,5.55,5.54,5.57,5.61,5.54,5.84,5.74
1998-06-18,,,5.19,,5.34,5.42,5.53,5.53,5.55,5.58,5.5,5.8,5.7
1998-06-19,,,5.17,,5.32,5.4,5.52,5.5,5.52,5.54,5.47,5.78,5.67
1998-06-22,,,5.11,,5.34,5.41,5.52,5.5,5.52,5.54,5.46,5.77,5.66
1998-06-23,,,5.1,,5.34,5.41,5.49,5.51,5.51,5.53,5.45,5.74,5.64
1998-06-24,,,5.04,,5.31,5.41,5.49,5.51,5.48,5.54,5.46,5.76,5.66
1998-06-25,,,5.02,,5.3,5.41,5.53,5.53,5.5,5.54,5.46,5.76,5.66
1998-06-26,,,5.01,,5.29,5.4,5.51,5.53,5.49,5.53,5.46,5.74,5.64
1998-06-29,,,5.16,,5.27,5.4,5.51,5.52,5.5,5.55,5.47,5.75,5.65
1998-06-30,,,5.1,,5.24,5.38,5.49,5.49,5.47,5.52,5.44,5.73,5.62
1998-07-01,,,5.09,,5.22,5.37,5.46,5.47,5.43,5.5,5.44,5.73,5.63
1998-07-02,,,5.07,,5.17,5.35,5.44,5.46,5.43,5.47,5.42,5.7,5.6
1998-07-06,,,5.09,,5.23,5.34,5.43,5.43,5.4,5.45,5.39,5.68,5.57
1998-07-07,,,5.08,,5.24,5.35,5.44,5.46,5.43,5.48,5.42,5.7,5.6
1998-07-08,,,5.09,,5.25,5.34,5.44,5.46,5.43,5.49,5.43,5.73,5.63
1998-07-09,,,5.07,,5.23,5.33,5.43,5.42,5.4,5.46,5.41,5.71,5.6
1998-07-10,,,5.06,,5.22,5.33,5.41,5.42,5.4,5.47,5.42,5.73,5.63
1998-07-13,,,5.13,,5.23,5.35,5.44,5.46,5.45,5.52,5.46,5.8,5.68
1998-07-14,,,5.16,,5.24,5.36,5.46,5.48,5.47,5.54,5.49,5.82,5.72
1998-07-15,,,5.14,,5.22,5.35,5.46,5.47,5.46,5.53,5.48,5.82,5.7
1998-07-16,,,5.17,,5.24,5.38,5.46,5.49,5.48,5.56,5.5,5.83,5.72
1998-07-17,,,5.14,,5.24,5.37,5.46,5.48,5.49,5.57,5.51,5.85,5.75
1998-07-20,,,5.09,,5.26,5.37,5.46,5.47,5.47,5.53,5.48,5.83,5.71
1998-07-21,,,5.09,,5.25,5.37,5.46,5.47,5.46,5.52,5.45,5.78,5.67
1998-07-22,,,5.07,,5.24,5.37,5.48,5.48,5.47,5.52,5.46,5.79,5.68
1998-07-23,,,5.09,,5.24,5.35,5.46,5.47,5.46,5.52,5.45,5.77,5.66
1998-07-24,,,5.08,,5.24,5.36,5.48,5.47,5.48,5.52,5.45,5.79,5.68
1998-07-27,,,5.06,,5.22,5.36,5.48,5.47,5.49,5.54,5.47,5.81,5.7
1998-07-28,,,5.07,,5.2,5.35,5.46,5.47,5.49,5.56,5.5,5.84,5.74
1998-07-29,,,5.07,,5.21,5.37,5.49,5.49,5.52,5.59,5.52,5.87,5.77
1998-07-30,,,5.07,,5.21,5.38,5.49,5.49,5.52,5.56,5.5,5.82,5.73
1998-07-31,,,5.1,,5.21,5.38,5.49,5.48,5.52,5.56,5.5,5.81,5.72
1998-08-03,,,5.13,,5.25,5.37,5.46,5.44,5.46,5.51,5.46,5.75,5.67
1998-08-04,,,5.1,,5.24,5.33,5.43,5.42,5.44,5.49,5.43,5.74,5.65
1998-08-05,,,5.08,,5.21,5.3,5.39,5.38,5.43,5.48,5.43,5.74,5.66
1998-08-06,,,5.03,,5.2,5.3,5.39,5.38,5.43,5.49,5.44,5.76,5.67
1998-08-07,,,4.99,,5.16,5.24,5.34,5.33,5.39,5.44,5.4,5.72,5.63
1998-08-10,,,5.07,,5.15,5.23,5.34,5.35,5.39,5.44,5.41,5.71,5.63
1998-08-11,,,5.03,,5.13,5.2,5.31,5.3,5.33,5.4,5.37,5.68,5.6
1998-08-12,,,5.02,,5.14,5.21,5.32,5.29,5.34,5.43,5.4,5.7,5.62
1998-08-13,,,5.04,,5.17,5.26,5.37,5.32,5.38,5.46,5.44,5.73,5.6
1998-08-14,,,5.03,,5.13,5.25,5.34,5.3,5.34,5.42,5.4,5.67,5.55
1998-08-17,,,5.07,,5.19,5.24,5.34,5.27,5.33,5.41,5.4,5.69,5.56
1998-08-18,,,5.06,,5.2,5.26,5.36,5.3,5.35,5.42,5.41,5.7,5.56
1998-08-19,,,5.07,,5.19,5.25,5.34,5.33,5.35,5.42,5.42,5.71,5.56
1998-08-20,,,5.04,,5.17,5.24,5.32,5.3,5.32,5.39,5.38,5.66,5.52
1998-08-21,,,5.01,,5.12,5.19,5.25,5.23,5.24,5.33,5.32,5.62,5.46
1998-08-24,,,5.08,,5.15,5.18,5.22,5.18,5.19,5.3,5.3,5.62,5.48
1998-08-25,,,5.09,,5.15,5.17,5.18,5.14,5.13,5.24,5.25,5.59,5.44
1998-08-26,,,5.06,,5.13,5.16,5.12,5.09,5.11,5.23,5.26,5.58,5.44
1998-08-27,,,4.99,,5.07,5.02,4.98,4.93,4.97,5.11,5.12,5.53,5.38
1998-08-28,,,4.91,,5.01,4.96,4.93,4.89,4.94,5.09,5.09,5.51,5.37
1998-08-31,,,4.96,,5.03,4.95,4.91,4.85,4.91,5.03,5.05,5.45,5.3
1998-09-01,,,4.92,,4.97,4.87,4.86,4.83,4.91,5.06,5.05,5.49,5.34
1998-09-02,,,4.91,,4.99,4.91,4.96,4.88,4.96,5.08,5.1,5.5,5.34
1998-09-03,,,4.83,,4.97,4.9,4.91,4.82,4.91,5.02,5.03,5.46,5.31
1998-09-04,,,4.86,,4.99,4.91,4.91,4.84,4.9,5.01,5.02,5.44,5.29
1998-09-08,,,4.94,,4.99,4.91,4.91,4.81,4.89,5.03,5.04,5.5,5.34
1998-09-09,,,4.88,,4.92,4.81,4.79,4.7,4.79,4.92,4.95,5.43,5.28
1998-09-10,,,4.78,,4.76,4.6,4.57,4.51,4.55,4.72,4.76,5.33,5.18
1998-09-11,,,4.87,,4.88,4.73,4.68,4.65,4.65,4.81,4.85,5.37,5.23
1998-09-14,,,4.83,,4.94,4.77,4.72,4.65,4.65,4.82,4.87,5.39,5.23
1998-09-15,,,4.79,,4.9,4.77,4.73,4.69,4.68,4.84,4.9,5.41,5.25
1998-09-16,,,4.74,,4.89,4.78,4.75,4.71,4.69,4.82,4.88,5.38,5.23
1998-09-17,,,4.7,,4.83,4.76,4.7,4.63,4.6,4.74,4.8,5.37,5.18
1998-09-18,,,4.63,,4.79,4.7,4.61,4.56,4.5,4.64,4.7,5.35,5.15
1998-09-21,,,4.82,,4.86,4.71,4.63,4.58,4.51,4.64,4.69,5.35,5.12
1998-09-22,,,4.81,,4.87,4.72,4.66,4.62,4.57,4.69,4.73,5.36,5.16
1998-09-23,,,4.67,,4.68,4.6,4.52,4.52,4.48,4.64,4.69,5.34,5.16
1998-09-24,,,4.55,,4.55,4.52,4.43,4.43,4.43,4.56,4.64,5.34,5.15
1998-09-25,,,4.52,,4.5,4.49,4.43,4.41,4.4,4.53,4.6,5.3,5.13
1998-09-28,,,4.56,,4.61,4.53,4.45,4.42,4.4,4.53,4.61,5.33,5.15
1998-09-29,,,4.54,,4.64,4.53,4.47,4.41,4.4,4.52,4.59,5.29,5.1
1998-09-30,,,4.37,,4.49,4.41,4.3,4.26,4.23,4.38,4.44,5.17,4.98
1998-10-01,,,4.23,,4.36,4.28,4.17,4.1,4.1,4.26,4.33,5.09,4.9
1998-10-02,,,4.22,,4.37,4.29,4.17,4.13,4.08,4.23,4.31,5.05,4.85
1998-10-05,,,4.23,,4.34,4.18,4.04,4.02,3.95,4.13,4.16,4.93,4.7
1998-10-06,,,4.18,,4.37,4.22,4.1,4.1,4.05,4.22,4.24,5.0,4.75
1998-10-07,,,4.15,,4.32,4.23,4.12,4.13,4.13,4.34,4.34,5.09,4.83
1998-10-08,,,3.89,,4.12,4.11,4.1,4.24,4.29,4.57,4.56,5.29,4.99
1998-10-09,,,3.88,,4.05,4.16,4.19,4.39,4.46,4.78,4.77,5.5,5.13
1998-10-13,,,3.99,,4.22,4.25,4.13,4.33,4.37,4.74,4.73,5.49,5.1
1998-10-14,,,4.02,,4.2,4.19,4.08,4.25,4.23,4.58,4.58,5.38,5.0
1998-10-15,,,4.15,,4.27,4.25,4.13,4.27,4.23,4.56,4.58,5.4,5.02
1998-10-16,,,3.65,,3.85,3.86,3.86,4.04,4.04,4.41,4.44,5.3,4.96
1998-10-19,,,3.94,,3.99,3.92,3.9,4.04,4.06,4.38,4.47,5.32,4.98
1998-10-20,,,3.95,,4.04,3.98,3.98,4.12,4.14,4.46,4.57,5.42,5.06
1998-10-21,,,4.0,,4.08,4.02,4.12,4.17,4.17,4.49,4.59,5.41,5.08
1998-10-22,,,3.98,,4.12,4.04,4.16,4.18,4.19,4.51,4.62,5.46,5.13
1998-10-23,,,3.97,,4.15,4.07,4.2,4.24,4.28,4.6,4.7,5.47,5.16
1998-10-26,,,4.06,,4.21,4.13,4.23,4.3,4.32,4.58,4.73,5.38,5.13
1998-10-27,,,4.06,,4.14,4.04,4.12,4.2,4.23,4.48,4.63,5.33,5.08
1998-10-28,,,4.28,,4.26,4.07,4.01,4.15,4.18,4.43,4.6,5.34,5.13
1998-10-29,,,4.32,,4.3,4.08,4.0,4.12,4.13,4.39,4.54,5.31,5.09
1998-10-30,,,4.33,,4.36,4.18,4.12,4.24,4.24,4.47,4.64,5.38,5.15
1998-11-02,,,4.54,,4.53,4.33,4.26,4.39,4.39,4.63,4.77,5.49,5.23
1998-11-03,,,4.5,,4.51,4.33,4.25,4.37,4.33,4.63,4.78,5.46,5.22
1998-11-04,,,4.56,,4.59,4.46,4.43,4.53,4.48,4.78,4.83,5.56,5.34
1998-11-05,,,4.58,,4.64,4.53,4.47,4.55,4.48,4.78,4.82,5.55,5.29
1998-11-06,,,4.64,,4.7,4.64,4.59,4.65,4.58,4.92,4.93,5.63,5.37
1998-11-09,,,4.58,,4.66,4.54,4.57,4.63,4.55,4.84,4.88,5.51,5.28
1998-11-10,,,4.54,,4.61,4.53,4.5,4.57,4.5,4.78,4.81,5.48,5.27
1998-11-12,,,4.48,,4.56,4.5,4.47,4.52,4.47,4.74,4.77,5.46,5.25
1998-11-13,,,4.47,,4.54,4.52,4.54,4.56,4.53,4.78,4.82,5.46,5.26
1998-11-16,,,4.52,,4.59,4.55,4.56,4.57,4.55,4.79,4.85,5.47,5.28
1998-11-17,,,4.42,,4.51,4.52,4.58,4.58,4.57,4.8,4.87,5.51,5.3
1998-11-18,,,4.44,,4.51,4.53,4.63,4.61,4.58,4.78,4.85,5.44,5.25
1998-11-19,,,4.46,,4.55,4.55,4.66,4.64,4.63,4.81,4.85,5.45,5.25
1998-11-20,,,4.46,,4.57,4.56,4.66,4.62,4.6,4.77,4.82,5.44,5.22
1998-11-23,,,4.59,,4.62,4.57,4.63,4.61,4.6,4.79,4.84,5.49,5.25
1998-11-24,,,4.62,,4.64,4.6,4.64,4.66,4.63,4.81,4.85,5.47,5.23
1998-11-25,,,4.57,,4.63,4.6,4.66,4.64,4.63,4.81,4.83,5.45,5.19
1998-11-27,,,4.55,,4.61,4.59,4.62,4.63,4.6,4.8,4.81,5.42,5.16
1998-11-30,,,4.57,,4.58,4.53,4.54,4.54,4.51,4.7,4.74,5.33,5.08
1998-12-01,,,4.49,,4.51,4.46,4.44,4.44,4.43,4.63,4.67,5.32,5.06
1998-12-02,,,4.48,,4.49,4.41,4.36,4.34,4.31,4.54,4.59,5.28,5.03
1998-12-03,,,4.45,,4.48,4.41,4.36,4.33,4.31,4.54,4.58,5.29,5.02
1998-12-04,,,4.48,,4.51,4.49,4.46,4.43,4.38,4.61,4.62,5.34,5.05
1998-12-07,,,4.46,,4.57,4.58,4.54,4.51,4.47,4.7,4.69,5.36,5.05
1998-12-08,,,4.43,,4.54,4.49,4.46,4.43,4.4,4.61,4.6,5.29,5.0
1998-12-09,,,4.43,,4.52,4.46,4.42,4.4,4.37,4.56,4.56,5.25,4.97
1998-12-10,,,4.48,,4.53,4.45,4.39,4.37,4.33,4.51,4.53,5.24,4.95
1998-12-11,,,4.5,,4.56,4.49,4.46,4.42,4.39,4.59,4.61,5.31,5.02
1998-12-14,,,4.49,,4.56,4.47,4.42,4.39,4.35,4.56,4.58,5.3,4.99
1998-12-15,,,4.49,,4.56,4.49,4.47,4.44,4.39,4.62,4.62,5.34,5.03
1998-12-16,,,4.46,,4.51,4.44,4.4,4.38,4.34,4.54,4.58,5.33,5.01
1998-12-17,,,4.46,,4.53,4.45,4.42,4.39,4.34,4.57,4.58,5.32,5.01
1998-12-18,,,4.49,,4.55,4.48,4.45,4.43,4.38,4.58,4.58,5.32,5.01
1998-12-21,,,4.51,,4.62,4.53,4.56,4.52,4.45,4.66,4.64,5.38,5.07
1998-12-22,,,4.5,,4.62,4.56,4.59,4.56,4.5,4.72,4.7,5.45,5.13
1998-12-23,,,4.58,,4.68,4.69,4.73,4.71,4.65,4.84,4.81,5.51,5.2
1998-12-24,,,4.57,,4.7,4.72,4.78,4.76,4.74,4.89,4.86,5.55,5.23
1998-12-28,,,4.56,,4.68,4.65,4.73,4.71,4.66,4.82,4.78,5.47,5.17
1998-12-29,,,4.59,,4.64,4.62,4.6,4.6,4.6,4.75,4.71,5.41,5.12
1998-12-30,,,4.55,,4.59,4.54,4.56,4.55,4.55,4.71,4.65,5.4,5.09
1998-12-31,,,4.48,,4.55,4.53,4.54,4.55,4.56,4.73,4.65,5.39,5.09
